#VRML V2.0 utf8
# 3D model generated by kicad-lcsc-manager
# Based on easyeda2kicad.py v1.0.1

Shape{
    appearance Appearance {
        material  Material {
            diffuseColor 0.25098039215686274 0.25098039215686274 0.25098039215686274
            specularColor 0.12549019607843137 0.12549019607843137 0.12549019607843137
            ambientIntensity 0.251
            transparency 0.0
            shininess 0.5
        }
    }
    geometry IndexedFaceSet {
        ccw TRUE
        solid FALSE
        coord DEF co Coordinate {
            point [
                -0.0863 1.408 0.0787, -0.0671 -0.0849 0.0787, -0.0863 -0.1077 0.0787, -0.0671 -0.1065 0.0787, 0.0385 -0.1065 0.0787, -0.0623 0.0687 0.0787, 0.0121 0.0687 0.0787, 0.0121 0.0039 0.0787, 0.0769 -0.0963 0.0787, 0.0769 -0.0747 0.0787, 0.0385 0.0903 0.0787, 0.0121 -0.0177 0.0787, 0.0121 -0.0849 0.0787, -0.0575 -0.0177 0.0787, -0.0575 0.0039 0.0787, 0.1744 -0.0999 0.0787, 0.2402 -0.1065 0.0787, 0.1554 -0.1064 0.0787, 0.1427 -0.1077 0.0787, -0.0623 0.0903 0.0787, 0.213 0.0385 0.0787, 0.2014 0.0569 0.0787, 0.3146 0.0903 0.0787, 0.1424 0.0689 0.0787, 0.1571 0.0636 0.0787, 0.0805 -0.0767 0.0787, 0.1708 0.0545 0.0787, 0.1827 0.0414 0.0787, 0.197 -0.0102 0.0787, 0.195 -0.0315 0.0787, 0.1896 -0.0485 0.0787, 0.1458 -0.0853 0.0787, 0.1275 -0.0873 0.0787, 0.1602 -0.08 0.0787, 0.1722 -0.0719 0.0787, 0.1815 -0.0621 0.0787, 0.1013 -0.0844 0.0787, 0.1908 0.0262 0.0787, 0.196 0.0051 0.0787, 0.1837 0.074 0.0787, 0.341 0.0903 0.0787, 2.9631 1.408 0.0787, 0.341 -0.1065 0.0787, 2.9631 -0.1077 0.0787, 0.1903 -0.0898 0.0787, 0.2051 -0.0742 0.0787, 0.2402 -0.0849 0.0787, 0.2155 -0.0555 0.0787, 0.3146 -0.0849 0.0787, 0.2215 -0.0346 0.0787, 0.2234 -0.0118 0.0787, 0.2205 0.0162 0.0787, 0.165 0.0847 0.0787, 0.143 0.0911 0.0787, 0.1233 0.0927 0.0787, 0.0997 0.0911 0.0787, 0.0769 0.0849 0.0787, 0.0769 0.0585 0.0787, 0.0991 0.068 0.0787, 0.123 0.0711 0.0787, 0.1311 -0.1089 0.0787, 2.9631 -1.408 0.0787, 0.1257 -0.1089 0.0787, -0.0863 -1.408 0.0787, 0.1178 -0.1077 0.0787, -2.9631 -1.408 0.0787, -2.9631 -0.1077 0.0787, 0.0979 -0.105 0.0787, -0.2784 -0.1065 0.0787, -0.2541 -0.0526 0.0787, -0.2428 -0.0702 0.0787, -0.4272 -0.1065 0.0787, -0.456 -0.1065 0.0787, -0.3792 0.0903 0.0787, -2.9631 1.408 0.0787, -0.3528 0.0903 0.0787, -0.2266 -0.0857 0.0787, -0.2061 -0.0977 0.0787, -0.1834 -0.1044 0.0787, -0.159 -0.1065 0.0787, -0.1055 -0.1065 0.0787, -0.1055 0.0903 0.0787, -0.1611 0.0903 0.0787, -0.2342 0.0646 0.0787, -0.2481 0.0492 0.0787, -0.2572 0.0323 0.0787, -0.1895 0.0873 0.0787, -0.2125 0.0792 0.0787, -0.234 0.0648 0.0787, -0.3072 -0.1065 0.0787, -0.326 -0.0513 0.0787, -0.4073 -0.0513 0.0787, -0.2625 0.0129 0.0787, -0.264 -0.0056 0.0787, -0.2612 -0.032 0.0787, -2.9631 1.4473 0.1154, -2.9922 1.4764 0.5315, -2.8327 1.4764 0.5315, -2.8327 1.4695 0.4331, -2.6673 1.4695 0.4331, 2.9631 1.4473 0.1154, -2.1673 1.4695 0.4331, -2.1673 1.4764 0.5315, -1.8327 1.4764 0.5315, -1.8327 1.4695 0.4331, -1.6673 1.4695 0.4331, -2.3327 1.4695 0.4331, -2.3327 1.4764 0.5315, -2.6673 1.4764 0.5315, -0.8327 1.4695 0.4331, -0.6673 1.4695 0.4331, -1.1673 1.4695 0.4331, -1.1673 1.4764 0.5315, -0.8327 1.4764 0.5315, -1.3327 1.4695 0.4331, -1.3327 1.4764 0.5315, -1.6673 1.4764 0.5315, 0.1673 1.4695 0.4331, 0.3327 1.4695 0.4331, -0.1673 1.4695 0.4331, -0.1673 1.4764 0.5315, 0.1673 1.4764 0.5315, -0.3327 1.4695 0.4331, -0.3327 1.4764 0.5315, -0.6673 1.4764 0.5315, 1.1673 1.4695 0.4331, 1.3327 1.4695 0.4331, 0.8327 1.4695 0.4331, 0.8327 1.4764 0.5315, 1.1673 1.4764 0.5315, 0.6673 1.4695 0.4331, 0.6673 1.4764 0.5315, 0.3327 1.4764 0.5315, 2.1673 1.4695 0.4331, 2.3327 1.4695 0.4331, 1.8327 1.4695 0.4331, 1.8327 1.4764 0.5315, 2.1673 1.4764 0.5315, 1.6673 1.4695 0.4331, 1.6673 1.4764 0.5315, 1.3327 1.4764 0.5315, 2.8327 1.4764 0.5315, 2.9922 1.4764 0.5315, 2.8327 1.4695 0.4331, 2.6673 1.4695 0.4331, 2.6673 1.4764 0.5315, 2.3327 1.4764 0.5315, 2.9922 -1.4764 0.5315, 2.8327 -1.4764 0.5315, 2.9631 -1.4473 0.1154, 2.8327 -1.4695 0.4331, 2.6673 -1.4695 0.4331, 2.6673 -1.4764 0.5315, 2.3327 -1.4764 0.5315, 2.3327 -1.4695 0.4331, 2.1673 -1.4695 0.4331, -1.8327 -1.4764 0.5315, -2.1673 -1.4764 0.5315, -1.8327 -1.4695 0.4331, -2.1673 -1.4695 0.4331, -2.3327 -1.4695 0.4331, -2.9631 -1.4473 0.1154, -1.6673 -1.4695 0.4331, -2.8327 -1.4764 0.5315, -2.9922 -1.4764 0.5315, -2.8327 -1.4695 0.4331, -2.6673 -1.4695 0.4331, -2.6673 -1.4764 0.5315, -2.3327 -1.4764 0.5315, -1.3327 -1.4695 0.4331, -1.3327 -1.4764 0.5315, -1.6673 -1.4764 0.5315, 2.1673 -1.4764 0.5315, 1.8327 -1.4764 0.5315, 1.8327 -1.4695 0.4331, 1.6673 -1.4695 0.4331, 1.6673 -1.4764 0.5315, 1.3327 -1.4764 0.5315, 1.3327 -1.4695 0.4331, 1.1673 -1.4695 0.4331, 1.1673 -1.4764 0.5315, 0.8327 -1.4764 0.5315, 0.8327 -1.4695 0.4331, 0.6673 -1.4695 0.4331, 0.6673 -1.4764 0.5315, 0.3327 -1.4764 0.5315, 0.3327 -1.4695 0.4331, 0.1673 -1.4695 0.4331, 0.1673 -1.4764 0.5315, -0.1673 -1.4764 0.5315, -0.1673 -1.4695 0.4331, -0.3327 -1.4695 0.4331, -0.3327 -1.4764 0.5315, -0.6673 -1.4764 0.5315, -0.6673 -1.4695 0.4331, -0.8327 -1.4695 0.4331, -0.8327 -1.4764 0.5315, -1.1673 -1.4764 0.5315, -1.1673 -1.4695 0.4331, 3.0024 -1.408 0.1154, 3.0024 1.408 0.1154, 3.0315 -1.4371 0.5315, 3.0315 1.4371 0.5315, -3.0024 1.408 0.1154, -3.0024 -1.408 0.1154, -3.0315 1.4371 0.5315, -3.0315 -1.4371 0.5315, 3.0024 -1.408 0.9476, 3.0024 1.408 0.9476, 2.9631 1.4473 0.9476, -2.9631 1.4473 0.9476, -3.0024 1.408 0.9476, -3.0024 -1.408 0.9476, -2.9631 -1.4473 0.9476, 2.9631 -1.4473 0.9476, -2.5795 -0.9877 0.9843, -2.5916 -1.0171 0.9843, 2.9631 -1.408 0.9843, -2.611 -1.0423 0.9843, -2.6362 -1.0616 0.9843, -2.9631 -1.408 0.9843, -2.6656 -1.0738 0.9843, -2.6972 -1.078 0.9843, -2.7287 -1.0738 0.9843, -2.7287 -0.8385 0.9843, -2.6972 -0.8343 0.9843, -2.9631 1.408 0.9843, -2.6656 -0.8385 0.9843, 2.9631 1.408 0.9843, -2.6362 -0.8506 0.9843, -2.611 -0.87 0.9843, -2.5916 -0.8952 0.9843, -2.5795 -0.9246 0.9843, -2.5753 -0.9561 0.9843, -2.7581 -1.0616 0.9843, -2.7833 -1.0423 0.9843, -2.8027 -1.0171 0.9843, -2.8027 -0.8952 0.9843, -2.7833 -0.87 0.9843, -2.7581 -0.8506 0.9843, -2.8148 -0.9877 0.9843, -2.819 -0.9561 0.9843, -2.8148 -0.9246 0.9843, -2.9631 1.4455 0.106, 2.9631 1.4455 0.106, -2.9631 1.4453 0.1057, 2.9631 1.4453 0.1057, -2.9631 1.4413 0.0971, 2.9631 1.4413 0.0971, -2.9631 1.4411 0.0969, 2.9631 1.4411 0.0969, -2.9631 1.435 0.0894, 2.9631 1.435 0.0894, -2.9631 1.4348 0.0893, 2.9631 1.4348 0.0893, -2.9631 1.427 0.0836, 2.9631 1.427 0.0836, -2.9631 1.4269 0.0836, 2.9631 1.4269 0.0836, -2.9631 1.4178 0.08, 2.9631 1.4178 0.08, -2.9631 1.4178 0.08, 2.9631 1.4178 0.08, -2.9657 1.4175 0.08, -2.982 1.408 0.0836, -2.9821 1.408 0.0836, -2.9815 1.4129 0.0836, -2.99 1.408 0.0893, -2.9901 1.408 0.0894, -2.9892 1.415 0.0894, -2.9953 1.4166 0.0971, -2.9993 1.4177 0.106, -2.9956 1.4267 0.106, -2.9733 1.4459 0.1148, -2.9827 1.442 0.1144, -2.9733 1.4459 0.1148, -2.9728 1.4442 0.106, -3.001 1.4181 0.1148, -3.001 1.4182 0.1148, -2.9971 1.4276 0.1144, -2.9971 1.4276 0.1144, -2.9908 1.4357 0.1142, -3.0006 1.408 0.106, -3.0005 1.408 0.1057, -2.9964 1.408 0.0971, -2.9962 1.408 0.0969, -2.9717 1.4401 0.0971, -2.9919 1.4246 0.0971, -2.9896 1.4345 0.106, -2.9701 1.4341 0.0894, -2.9865 1.4215 0.0894, -2.9866 1.4315 0.0971, -2.968 1.4263 0.0836, -2.9822 1.4271 0.0894, -2.9796 1.4175 0.0836, -2.9726 1.4105 0.08, -2.9827 1.4419 0.1144, -2.9819 1.4404 0.106, -2.9798 1.4368 0.0971, -2.9766 1.4314 0.0894, -2.9726 1.4245 0.0836, -2.968 1.4165 0.08, -2.9729 1.408 0.08, -2.9729 1.408 0.08, -2.9766 1.4214 0.0836, -2.9716 1.4129 0.08, -2.9701 1.4149 0.08, 2.9729 1.408 0.08, 2.9726 1.4105 0.08, 2.968 1.4263 0.0836, 2.9701 1.4341 0.0894, 2.9717 1.4401 0.0971, 2.9728 1.4442 0.106, 2.9819 1.4404 0.106, 3.001 1.4181 0.1148, 3.0006 1.408 0.106, 2.9971 1.4276 0.1144, 3.001 1.4182 0.1148, 2.9993 1.4177 0.106, 2.9733 1.4459 0.1148, 2.9733 1.4459 0.1148, 2.9827 1.442 0.1144, 2.9827 1.4419 0.1144, 2.9908 1.4357 0.1142, 3.0005 1.408 0.1057, 2.9953 1.4166 0.0971, 2.9798 1.4368 0.0971, 2.9896 1.4345 0.106, 2.9964 1.408 0.0971, 2.9962 1.408 0.0969, 2.9892 1.415 0.0894, 2.9766 1.4314 0.0894, 2.9866 1.4315 0.0971, 2.9901 1.408 0.0894, 2.99 1.408 0.0893, 2.9815 1.4129 0.0836, 2.9822 1.4271 0.0894, 2.9726 1.4245 0.0836, 2.9657 1.4175 0.08, 2.9971 1.4276 0.1144, 2.9956 1.4267 0.106, 2.9919 1.4246 0.0971, 2.9865 1.4215 0.0894, 2.9796 1.4175 0.0836, 2.9716 1.4129 0.08, 2.9766 1.4214 0.0836, 2.968 1.4165 0.08, 2.9701 1.4149 0.08, 2.9821 1.408 0.0836, 2.982 1.408 0.0836, 2.9729 1.408 0.08, -3.0006 -1.408 0.106, -3.0005 -1.408 0.1057, -2.9964 -1.408 0.0971, -2.9962 -1.408 0.0969, -2.9901 -1.408 0.0894, -2.99 -1.408 0.0893, -2.9821 -1.408 0.0836, -2.982 -1.408 0.0836, -2.9729 -1.408 0.08, -2.9729 -1.408 0.08, -3.0024 1.475 0.5315, -3.0073 1.4734 0.5315, -3.0119 1.4711 0.5315, -3.0161 1.4683 0.5315, -3.02 1.4649 0.5315, -3.0234 1.461 0.5315, -3.0262 1.4568 0.5315, -3.0285 1.4521 0.5315, -3.0302 1.4473 0.5315, 3.0302 1.4473 0.5315, 3.0285 1.4521 0.5315, 3.0262 1.4568 0.5315, 3.0234 1.461 0.5315, 3.02 1.4649 0.5315, 3.0161 1.4683 0.5315, 3.0119 1.4711 0.5315, 3.0073 1.4734 0.5315, 3.0024 1.475 0.5315, 3.0006 -1.408 0.106, 3.0005 -1.408 0.1057, 2.9964 -1.408 0.0971, 2.9962 -1.408 0.0969, 2.9901 -1.408 0.0894, 2.99 -1.408 0.0893, 2.9821 -1.408 0.0836, 2.982 -1.408 0.0836, 2.9729 -1.408 0.08, 2.9729 -1.408 0.08, 2.9631 -1.4455 0.106, -2.9631 -1.4455 0.106, 2.9631 -1.4453 0.1057, -2.9631 -1.4453 0.1057, 2.9631 -1.4413 0.0971, -2.9631 -1.4413 0.0971, 2.9631 -1.4411 0.0969, -2.9631 -1.4411 0.0969, 2.9631 -1.435 0.0894, -2.9631 -1.435 0.0894, 2.9631 -1.4348 0.0893, -2.9631 -1.4348 0.0893, 2.9631 -1.427 0.0836, -2.9631 -1.427 0.0836, 2.9631 -1.4269 0.0836, -2.9631 -1.4269 0.0836, 2.9631 -1.4178 0.08, -2.9631 -1.4178 0.08, 2.9631 -1.4178 0.08, -2.9631 -1.4178 0.08, -2.9726 -1.4105 0.08, -2.968 -1.4263 0.0836, -2.9701 -1.4341 0.0894, -2.9717 -1.4401 0.0971, -2.9728 -1.4442 0.106, -2.9819 -1.4404 0.106, -3.001 -1.4181 0.1148, -2.9971 -1.4276 0.1144, -3.001 -1.4182 0.1148, -2.9993 -1.4177 0.106, -2.9733 -1.4459 0.1148, -2.9733 -1.4459 0.1148, -2.9827 -1.442 0.1144, -2.9827 -1.4419 0.1144, -2.9908 -1.4357 0.1142, -2.9953 -1.4166 0.0971, -2.9798 -1.4368 0.0971, -2.9896 -1.4345 0.106, -2.9892 -1.415 0.0894, -2.9766 -1.4314 0.0894, -2.9866 -1.4315 0.0971, -2.9815 -1.4129 0.0836, -2.9822 -1.4271 0.0894, -2.9726 -1.4245 0.0836, -2.9657 -1.4175 0.08, -2.9971 -1.4276 0.1144, -2.9956 -1.4267 0.106, -2.9919 -1.4246 0.0971, -2.9865 -1.4215 0.0894, -2.9796 -1.4175 0.0836, -2.9716 -1.4129 0.08, -2.9766 -1.4214 0.0836, -2.968 -1.4165 0.08, -2.9701 -1.4149 0.08, -3.001 1.4181 0.9482, -3.001 1.4182 0.9482, -2.9971 1.4276 0.9486, -2.9971 1.4276 0.9486, -2.9908 1.4357 0.9488, -2.9827 1.4419 0.9486, -2.9827 1.442 0.9486, -2.9733 1.4459 0.9482, -2.9733 1.4459 0.9482, 2.9631 1.4455 0.957, -2.9631 1.4455 0.957, 2.9631 1.4453 0.9573, -2.9631 1.4453 0.9573, 2.9631 1.4413 0.9659, -2.9631 1.4413 0.9659, 2.9631 1.4411 0.9661, -2.9631 1.4411 0.9661, 2.9631 1.435 0.9736, -2.9631 1.435 0.9736, 2.9631 1.4348 0.9737, -2.9631 1.4348 0.9737, 2.9631 1.427 0.9794, -2.9631 1.427 0.9794, 2.9631 1.4269 0.9794, -2.9631 1.4269 0.9794, 2.9631 1.4178 0.983, -2.9631 1.4178 0.983, 2.9631 1.4178 0.983, -2.9631 1.4178 0.983, 2.9718 1.4461 0.9482, 2.9733 1.4459 0.9482, 2.98 1.4431 0.9485, 2.9827 1.442 0.9486, 2.9874 1.4384 0.9487, 2.9908 1.4357 0.9488, 2.9935 1.4322 0.9487, 2.9971 1.4276 0.9486, 2.9982 1.4249 0.9485, 3.001 1.4181 0.9482, 3.0012 1.4167 0.9482, 2.9653 -1.4176 0.08, 2.9708 -1.4141 0.08, 2.9692 -1.4157 0.08, 2.9816 -1.4122 0.0836, 2.9894 -1.414 0.0894, 2.9956 -1.4154 0.0971, 2.9996 -1.4163 0.106, 2.9969 -1.4243 0.106, 2.9827 -1.442 0.1144, 2.98 -1.4431 0.1145, 2.9794 -1.4418 0.106, 2.9733 -1.4459 0.1148, 2.9718 -1.4461 0.1148, 2.9715 -1.4445 0.106, 2.9924 -1.4314 0.106, 2.9935 -1.4322 0.1143, 2.9908 -1.4357 0.1142, 2.9982 -1.4249 0.1145, 2.9971 -1.4276 0.1144, 3.001 -1.4181 0.1148, 3.0012 -1.4167 0.1148, 2.9705 -1.4404 0.0971, 2.9931 -1.4224 0.0971, 2.9691 -1.4343 0.0894, 2.9874 -1.4197 0.0894, 2.9891 -1.4287 0.0971, 2.9865 -1.4373 0.106, 2.9874 -1.4384 0.1143, 2.9673 -1.4265 0.0836, 2.9839 -1.434 0.0971, 2.9842 -1.4248 0.0894, 2.9802 -1.4162 0.0836, 2.9727 -1.4102 0.08, 2.975 -1.4229 0.0836, 2.9776 -1.438 0.0971, 2.9748 -1.4323 0.0894, 2.9714 -1.4251 0.0836, 2.9674 -1.4168 0.08, 2.9799 -1.4291 0.0894, 2.978 -1.4198 0.0836, 2.972 -1.4123 0.08, -3.0302 -1.4473 0.5315, -3.0285 -1.4521 0.5315, -3.0262 -1.4568 0.5315, -3.0234 -1.461 0.5315, -3.02 -1.4649 0.5315, -3.0161 -1.4683 0.5315, -3.0119 -1.4711 0.5315, -3.0073 -1.4734 0.5315, -3.0024 -1.475 0.5315, -2.9962 1.408 0.9661, -2.9901 1.408 0.9736, -2.9892 1.415 0.9736, -2.9815 1.4129 0.9794, -2.9726 1.4105 0.983, -2.9716 1.4129 0.983, -2.968 1.4165 0.983, -2.9701 1.4149 0.983, -2.9657 1.4175 0.983, -2.9729 1.408 0.983, -2.9993 1.4177 0.957, -2.9956 1.4267 0.957, -2.9896 1.4345 0.957, -2.9819 1.4404 0.957, -2.9728 1.4442 0.957, -2.99 1.408 0.9737, -2.9821 1.408 0.9794, -2.982 1.408 0.9794, -2.9729 1.408 0.983, -2.9796 1.4175 0.9794, -2.9766 1.4214 0.9794, -2.9726 1.4245 0.9794, -2.968 1.4263 0.9794, -2.9865 1.4215 0.9736, -2.9822 1.4271 0.9736, -2.9766 1.4314 0.9736, -2.9701 1.4341 0.9736, -3.0005 1.408 0.9573, -2.9964 1.408 0.9659, -2.9953 1.4166 0.9659, -2.9919 1.4246 0.9659, -2.9866 1.4315 0.9659, -2.9798 1.4368 0.9659, -2.9717 1.4401 0.9659, -3.0006 1.408 0.957, 2.9705 1.4404 0.9659, 2.9691 1.4343 0.9736, 2.9673 1.4265 0.9794, 2.9653 1.4176 0.983, 2.9674 1.4168 0.983, 2.972 1.4123 0.983, 2.9708 1.4141 0.983, 2.9727 1.4102 0.983, 2.9715 1.4445 0.957, 2.9794 1.4418 0.957, 2.9865 1.4373 0.957, 2.9924 1.4314 0.957, 2.9969 1.4243 0.957, 2.9996 1.4163 0.957, 3.0006 1.408 0.957, 2.9729 1.408 0.983, 2.975 1.4229 0.9794, 2.978 1.4198 0.9794, 2.9802 1.4162 0.9794, 2.9816 1.4122 0.9794, 2.9714 1.4251 0.9794, 2.9692 1.4157 0.983, 2.9729 1.408 0.983, 2.982 1.408 0.9794, 2.9821 1.408 0.9794, 2.99 1.408 0.9737, 2.9748 1.4323 0.9736, 2.9799 1.4291 0.9736, 2.9842 1.4248 0.9736, 2.9874 1.4197 0.9736, 2.9894 1.414 0.9736, 2.9776 1.438 0.9659, 2.9839 1.434 0.9659, 2.9891 1.4287 0.9659, 2.9931 1.4224 0.9659, 2.9956 1.4154 0.9659, 2.9901 1.408 0.9736, 2.9962 1.408 0.9661, 2.9964 1.408 0.9659, 3.0005 1.408 0.9573, 3.0024 -1.475 0.5315, 3.0073 -1.4734 0.5315, 3.0119 -1.4711 0.5315, 3.0161 -1.4683 0.5315, 3.02 -1.4649 0.5315, 3.0234 -1.461 0.5315, 3.0262 -1.4568 0.5315, 3.0285 -1.4521 0.5315, 3.0302 -1.4473 0.5315, -2.9733 -1.4459 0.9482, -2.9733 -1.4459 0.9482, -2.9827 -1.442 0.9486, -2.9827 -1.4419 0.9486, -2.9908 -1.4357 0.9488, -2.9971 -1.4276 0.9486, -2.9971 -1.4276 0.9486, -3.001 -1.4182 0.9482, -3.001 -1.4181 0.9482, -3.0006 -1.408 0.957, -3.0005 -1.408 0.9573, -2.9964 -1.408 0.9659, -2.9962 -1.408 0.9661, -2.9901 -1.408 0.9736, -2.99 -1.408 0.9737, -2.9821 -1.408 0.9794, -2.982 -1.408 0.9794, -2.9729 -1.408 0.983, -2.9729 -1.408 0.983, 3.0006 -1.408 0.957, 3.0005 -1.408 0.9573, 2.9964 -1.408 0.9659, 2.9962 -1.408 0.9661, 2.9901 -1.408 0.9736, 2.99 -1.408 0.9737, 2.9821 -1.408 0.9794, 2.982 -1.408 0.9794, 2.9729 -1.408 0.983, 2.9729 -1.408 0.983, 3.001 -1.4181 0.9482, 3.001 -1.4182 0.9482, 2.9971 -1.4276 0.9486, 2.9971 -1.4276 0.9486, 2.9908 -1.4357 0.9488, 2.9827 -1.4419 0.9486, 2.9827 -1.442 0.9486, 2.9733 -1.4459 0.9482, 2.9733 -1.4459 0.9482, -2.9631 -1.4411 0.9661, -2.9631 -1.435 0.9736, -2.9701 -1.4341 0.9736, -2.968 -1.4263 0.9794, -2.9657 -1.4175 0.983, -2.968 -1.4165 0.983, -2.9716 -1.4129 0.983, -2.9701 -1.4149 0.983, -2.9726 -1.4105 0.983, -2.9631 -1.4178 0.983, -2.9728 -1.4442 0.957, -2.9819 -1.4404 0.957, -2.9896 -1.4345 0.957, -2.9956 -1.4267 0.957, -2.9993 -1.4177 0.957, -2.9631 -1.4348 0.9737, -2.9631 -1.427 0.9794, -2.9631 -1.4269 0.9794, -2.9631 -1.4178 0.983, -2.9726 -1.4245 0.9794, -2.9766 -1.4214 0.9794, -2.9796 -1.4175 0.9794, -2.9815 -1.4129 0.9794, -2.9766 -1.4314 0.9736, -2.9822 -1.4271 0.9736, -2.9865 -1.4215 0.9736, -2.9892 -1.415 0.9736, -2.9631 -1.4453 0.9573, -2.9631 -1.4413 0.9659, -2.9717 -1.4401 0.9659, -2.9798 -1.4368 0.9659, -2.9866 -1.4315 0.9659, -2.9919 -1.4246 0.9659, -2.9953 -1.4166 0.9659, -2.9631 -1.4455 0.957, 2.9892 -1.415 0.9736, 2.9815 -1.4129 0.9794, 2.9726 -1.4105 0.983, 2.9716 -1.4129 0.983, 2.968 -1.4165 0.983, 2.9701 -1.4149 0.983, 2.9657 -1.4175 0.983, 2.9993 -1.4177 0.957, 2.9956 -1.4267 0.957, 2.9896 -1.4345 0.957, 2.9819 -1.4404 0.957, 2.9728 -1.4442 0.957, 2.9631 -1.4455 0.957, 2.9631 -1.4178 0.983, 2.9796 -1.4175 0.9794, 2.9766 -1.4214 0.9794, 2.9726 -1.4245 0.9794, 2.968 -1.4263 0.9794, 2.9631 -1.4178 0.983, 2.9631 -1.4269 0.9794, 2.9631 -1.427 0.9794, 2.9631 -1.4348 0.9737, 2.9865 -1.4215 0.9736, 2.9822 -1.4271 0.9736, 2.9766 -1.4314 0.9736, 2.9701 -1.4341 0.9736, 2.9953 -1.4166 0.9659, 2.9919 -1.4246 0.9659, 2.9866 -1.4315 0.9659, 2.9798 -1.4368 0.9659, 2.9717 -1.4401 0.9659, 2.9631 -1.435 0.9736, 2.9631 -1.4411 0.9661, 2.9631 -1.4413 0.9659, 2.9631 -1.4453 0.9573
            ]
        }
        coordIndex [
            0,1,2,-1,2,1,3,-1,2,3,4,-1,5,6,7,-1,8,4,9,-1,9,4,10,-1,11,12,13,-1,13,12,1,-1,13,1,14,-1,15,16,17,-1,17,16,18,-1,7,14,5,-1,5,14,1,-1,5,1,19,-1,19,1,0,-1,19,0,10,-1,20,21,22,-1,23,24,25,-1,25,24,26,-1,25,26,27,-1,28,29,25,-1,25,29,30,-1,31,32,33,-1,33,32,34,-1,30,35,25,-1,25,35,34,-1,25,34,36,-1,36,34,32,-1,27,37,25,-1,25,37,38,-1,25,38,28,-1,21,39,22,-1,22,39,0,-1,22,0,40,-1,40,0,41,-1,40,41,42,-1,42,41,43,-1,15,44,16,-1,16,44,45,-1,16,45,46,-1,46,45,47,-1,46,47,48,-1,47,49,48,-1,48,49,50,-1,48,50,22,-1,22,50,51,-1,22,51,20,-1,39,52,0,-1,0,52,53,-1,0,53,54,-1,54,55,0,-1,0,55,56,-1,0,56,10,-1,10,56,57,-1,10,57,9,-1,9,57,58,-1,9,58,25,-1,25,58,59,-1,25,59,23,-1,16,42,18,-1,18,42,43,-1,18,43,60,-1,60,43,61,-1,60,61,62,-1,62,61,63,-1,62,63,64,-1,65,66,63,-1,63,66,2,-1,63,2,64,-1,64,2,4,-1,64,4,67,-1,67,4,8,-1,68,69,70,-1,71,2,72,-1,72,2,66,-1,72,66,73,-1,73,66,74,-1,73,74,75,-1,75,74,0,-1,70,76,68,-1,68,76,77,-1,68,77,78,-1,79,80,2,-1,2,80,81,-1,2,81,0,-1,0,81,82,-1,83,84,75,-1,75,84,85,-1,82,86,0,-1,0,86,87,-1,0,87,75,-1,75,87,88,-1,75,88,83,-1,78,79,68,-1,68,79,2,-1,68,2,89,-1,89,2,71,-1,89,71,90,-1,90,71,91,-1,85,92,75,-1,75,92,93,-1,75,93,68,-1,68,93,94,-1,68,94,69,-1,95,96,97,-1,97,98,95,-1,95,98,99,-1,95,99,100,-1,101,102,103,-1,104,105,100,-1,103,104,101,-1,101,104,100,-1,101,100,106,-1,106,100,99,-1,106,99,107,-1,107,99,108,-1,109,110,100,-1,111,112,113,-1,113,109,111,-1,111,109,100,-1,111,100,114,-1,114,100,105,-1,114,105,115,-1,115,105,116,-1,117,118,100,-1,119,120,121,-1,121,117,119,-1,119,117,100,-1,119,100,122,-1,122,100,110,-1,122,110,123,-1,123,110,124,-1,125,126,100,-1,127,128,129,-1,129,125,127,-1,127,125,100,-1,127,100,130,-1,130,100,118,-1,130,118,131,-1,131,118,132,-1,133,134,100,-1,135,136,137,-1,137,133,135,-1,135,133,100,-1,135,100,138,-1,138,100,126,-1,138,126,139,-1,139,126,140,-1,141,142,143,-1,143,142,100,-1,143,100,144,-1,144,100,134,-1,144,134,145,-1,145,134,146,-1,147,148,149,-1,149,148,150,-1,149,150,151,-1,152,153,151,-1,151,153,154,-1,151,154,149,-1,149,154,155,-1,156,157,158,-1,158,157,159,-1,160,161,159,-1,159,161,149,-1,159,149,158,-1,158,149,162,-1,163,164,165,-1,165,164,161,-1,165,161,166,-1,166,161,160,-1,166,160,167,-1,167,160,168,-1,169,170,171,-1,172,173,155,-1,155,173,174,-1,155,174,149,-1,149,174,175,-1,176,177,175,-1,175,177,178,-1,175,178,149,-1,149,178,179,-1,180,181,179,-1,179,181,182,-1,179,182,149,-1,149,182,183,-1,184,185,183,-1,183,185,186,-1,183,186,149,-1,149,186,187,-1,188,189,187,-1,187,189,190,-1,187,190,149,-1,149,190,191,-1,192,193,191,-1,191,193,194,-1,191,194,149,-1,149,194,195,-1,196,197,195,-1,195,197,198,-1,195,198,149,-1,149,198,169,-1,149,169,162,-1,162,169,171,-1,199,200,201,-1,201,200,202,-1,203,204,205,-1,205,204,206,-1,201,202,207,-1,207,202,208,-1,209,142,141,-1,141,145,209,-1,209,145,146,-1,209,146,137,-1,137,136,209,-1,209,136,139,-1,209,139,140,-1,140,129,209,-1,209,129,128,-1,209,128,131,-1,120,210,121,-1,121,210,209,-1,121,209,132,-1,132,209,131,-1,120,123,210,-1,210,123,124,-1,210,124,113,-1,113,112,210,-1,210,112,115,-1,210,115,116,-1,116,103,210,-1,210,103,102,-1,210,102,107,-1,107,108,210,-1,210,108,97,-1,210,97,96,-1,205,206,211,-1,211,206,212,-1,164,163,213,-1,213,163,167,-1,167,168,213,-1,213,168,157,-1,213,157,156,-1,156,171,213,-1,213,171,170,-1,213,170,197,-1,197,196,213,-1,213,196,193,-1,213,193,192,-1,192,189,213,-1,213,189,188,-1,213,188,214,-1,188,185,214,-1,214,185,184,-1,214,184,181,-1,181,180,214,-1,214,180,177,-1,214,177,176,-1,176,173,214,-1,214,173,172,-1,214,172,153,-1,153,152,214,-1,214,152,148,-1,214,148,147,-1,215,216,217,-1,216,218,217,-1,217,218,219,-1,217,219,220,-1,219,221,220,-1,220,221,222,-1,220,222,223,-1,224,225,226,-1,226,225,227,-1,226,227,228,-1,228,227,229,-1,228,229,230,-1,230,231,228,-1,228,231,232,-1,228,232,217,-1,217,232,233,-1,217,233,215,-1,223,234,220,-1,220,234,235,-1,220,235,236,-1,237,238,226,-1,226,238,239,-1,226,239,224,-1,236,240,220,-1,220,240,241,-1,220,241,226,-1,226,241,242,-1,226,242,237,-1,95,100,243,-1,243,100,244,-1,243,244,245,-1,245,244,246,-1,245,246,247,-1,247,246,248,-1,247,248,249,-1,249,248,250,-1,249,250,251,-1,251,250,252,-1,251,252,253,-1,253,252,254,-1,253,254,255,-1,255,254,256,-1,255,256,257,-1,257,256,258,-1,257,258,259,-1,259,258,260,-1,259,260,261,-1,260,262,261,-1,261,262,41,-1,261,41,74,-1,261,74,263,-1,264,265,266,-1,267,268,269,-1,270,271,272,-1,273,95,243,-1,274,275,276,-1,276,275,273,-1,277,278,271,-1,271,278,279,-1,271,279,272,-1,272,279,280,-1,272,280,281,-1,203,277,282,-1,282,277,271,-1,282,271,283,-1,283,271,270,-1,283,270,284,-1,284,270,285,-1,273,243,276,-1,276,243,245,-1,276,245,286,-1,268,285,269,-1,269,285,270,-1,269,270,287,-1,287,270,272,-1,287,272,288,-1,288,272,281,-1,245,247,286,-1,286,247,249,-1,286,249,289,-1,265,267,266,-1,266,267,269,-1,266,269,290,-1,290,269,287,-1,290,287,291,-1,291,287,288,-1,249,251,289,-1,289,251,253,-1,289,253,292,-1,291,293,290,-1,290,293,294,-1,290,294,266,-1,266,294,295,-1,266,295,264,-1,296,274,297,-1,297,274,276,-1,297,276,298,-1,298,276,286,-1,298,286,299,-1,299,286,289,-1,299,289,300,-1,300,289,292,-1,300,292,301,-1,301,292,263,-1,301,263,74,-1,74,302,295,-1,295,302,303,-1,295,303,264,-1,293,304,294,-1,294,304,305,-1,294,305,295,-1,295,305,74,-1,304,306,305,-1,305,306,74,-1,253,255,292,-1,292,255,257,-1,292,257,263,-1,263,257,259,-1,263,259,261,-1,281,296,288,-1,288,296,297,-1,288,297,291,-1,291,297,298,-1,291,298,293,-1,293,298,299,-1,293,299,304,-1,304,299,300,-1,304,300,306,-1,306,300,301,-1,306,301,74,-1,307,41,308,-1,258,256,309,-1,254,252,310,-1,311,312,313,-1,314,200,315,-1,316,317,318,-1,318,317,314,-1,319,320,312,-1,312,320,321,-1,312,321,313,-1,313,321,322,-1,313,322,323,-1,100,319,244,-1,244,319,312,-1,244,312,246,-1,246,312,311,-1,246,311,248,-1,248,311,250,-1,314,315,318,-1,318,315,324,-1,318,324,325,-1,252,250,310,-1,310,250,311,-1,310,311,326,-1,326,311,313,-1,326,313,327,-1,327,313,323,-1,324,328,325,-1,325,328,329,-1,325,329,330,-1,256,254,309,-1,309,254,310,-1,309,310,331,-1,331,310,326,-1,331,326,332,-1,332,326,327,-1,329,333,330,-1,330,333,334,-1,330,334,335,-1,332,336,331,-1,331,336,337,-1,331,337,309,-1,309,337,338,-1,309,338,258,-1,339,316,340,-1,340,316,318,-1,340,318,341,-1,341,318,325,-1,341,325,342,-1,342,325,330,-1,342,330,343,-1,343,330,335,-1,343,335,344,-1,344,335,308,-1,344,308,41,-1,41,262,338,-1,338,262,260,-1,338,260,258,-1,336,345,337,-1,337,345,346,-1,337,346,338,-1,338,346,41,-1,345,347,346,-1,346,347,41,-1,334,348,335,-1,335,348,349,-1,335,349,308,-1,308,349,350,-1,308,350,307,-1,323,339,327,-1,327,339,340,-1,327,340,332,-1,332,340,341,-1,332,341,336,-1,336,341,342,-1,336,342,345,-1,345,342,343,-1,345,343,347,-1,347,343,344,-1,347,344,41,-1,204,203,351,-1,351,203,282,-1,351,282,352,-1,352,282,283,-1,352,283,353,-1,353,283,284,-1,353,284,354,-1,354,284,285,-1,354,285,355,-1,355,285,268,-1,355,268,356,-1,356,268,267,-1,356,267,357,-1,357,267,265,-1,357,265,358,-1,358,265,264,-1,358,264,359,-1,359,264,303,-1,359,303,360,-1,303,302,360,-1,360,302,74,-1,360,74,65,-1,95,273,96,-1,96,273,361,-1,361,273,362,-1,362,273,275,-1,362,275,363,-1,363,275,274,-1,363,274,364,-1,364,274,296,-1,364,296,365,-1,365,296,281,-1,365,281,366,-1,366,281,280,-1,366,280,367,-1,367,280,279,-1,367,279,368,-1,368,279,278,-1,368,278,369,-1,278,277,369,-1,369,277,203,-1,369,203,205,-1,200,314,202,-1,202,314,370,-1,370,314,371,-1,371,314,317,-1,371,317,372,-1,372,317,316,-1,372,316,373,-1,373,316,339,-1,373,339,374,-1,374,339,323,-1,374,323,375,-1,375,323,322,-1,375,322,376,-1,376,322,321,-1,376,321,377,-1,377,321,320,-1,377,320,378,-1,320,319,378,-1,378,319,100,-1,378,100,142,-1,200,199,315,-1,315,199,379,-1,315,379,324,-1,324,379,380,-1,324,380,328,-1,328,380,381,-1,328,381,329,-1,329,381,382,-1,329,382,333,-1,333,382,383,-1,333,383,334,-1,334,383,384,-1,334,384,348,-1,348,384,385,-1,348,385,349,-1,349,385,386,-1,349,386,350,-1,350,386,387,-1,350,387,307,-1,387,388,307,-1,307,388,61,-1,307,61,41,-1,149,161,389,-1,389,161,390,-1,389,390,391,-1,391,390,392,-1,391,392,393,-1,393,392,394,-1,393,394,395,-1,395,394,396,-1,395,396,397,-1,397,396,398,-1,397,398,399,-1,399,398,400,-1,399,400,401,-1,401,400,402,-1,401,402,403,-1,403,402,404,-1,403,404,405,-1,405,404,406,-1,405,406,407,-1,406,408,407,-1,407,408,65,-1,407,65,61,-1,360,65,409,-1,404,402,410,-1,400,398,411,-1,412,413,414,-1,415,204,351,-1,416,417,418,-1,418,417,415,-1,419,420,413,-1,413,420,421,-1,413,421,414,-1,414,421,422,-1,414,422,423,-1,161,419,390,-1,390,419,413,-1,390,413,392,-1,392,413,412,-1,392,412,394,-1,394,412,396,-1,415,351,418,-1,418,351,352,-1,418,352,424,-1,398,396,411,-1,411,396,412,-1,411,412,425,-1,425,412,414,-1,425,414,426,-1,426,414,423,-1,352,353,424,-1,424,353,354,-1,424,354,427,-1,402,400,410,-1,410,400,411,-1,410,411,428,-1,428,411,425,-1,428,425,429,-1,429,425,426,-1,354,355,427,-1,427,355,356,-1,427,356,430,-1,429,431,428,-1,428,431,432,-1,428,432,410,-1,410,432,433,-1,410,433,404,-1,434,416,435,-1,435,416,418,-1,435,418,436,-1,436,418,424,-1,436,424,437,-1,437,424,427,-1,437,427,438,-1,438,427,430,-1,438,430,439,-1,439,430,409,-1,439,409,65,-1,65,408,433,-1,433,408,406,-1,433,406,404,-1,431,440,432,-1,432,440,441,-1,432,441,433,-1,433,441,65,-1,440,442,441,-1,441,442,65,-1,356,357,430,-1,430,357,358,-1,430,358,409,-1,409,358,359,-1,409,359,360,-1,423,434,426,-1,426,434,435,-1,426,435,429,-1,429,435,436,-1,429,436,431,-1,431,436,437,-1,431,437,440,-1,440,437,438,-1,440,438,442,-1,442,438,439,-1,442,439,65,-1,211,443,205,-1,205,443,369,-1,369,443,368,-1,368,443,444,-1,368,444,367,-1,367,444,445,-1,367,445,366,-1,366,445,446,-1,366,446,365,-1,365,446,447,-1,365,447,364,-1,364,447,448,-1,364,448,363,-1,363,448,449,-1,363,449,362,-1,362,449,450,-1,362,450,361,-1,450,451,361,-1,361,451,210,-1,361,210,96,-1,209,210,452,-1,452,210,453,-1,452,453,454,-1,454,453,455,-1,454,455,456,-1,456,455,457,-1,456,457,458,-1,458,457,459,-1,458,459,460,-1,460,459,461,-1,460,461,462,-1,462,461,463,-1,462,463,464,-1,464,463,465,-1,464,465,466,-1,466,465,467,-1,466,467,468,-1,468,467,469,-1,468,469,470,-1,469,471,470,-1,470,471,226,-1,470,226,228,-1,142,209,472,-1,142,472,378,-1,378,472,473,-1,378,473,377,-1,377,473,474,-1,377,474,376,-1,376,474,475,-1,376,475,375,-1,375,475,476,-1,375,476,374,-1,374,476,477,-1,374,477,373,-1,373,477,478,-1,373,478,372,-1,372,478,479,-1,372,479,371,-1,371,479,480,-1,371,480,370,-1,370,480,481,-1,370,481,202,-1,202,481,482,-1,202,482,208,-1,407,61,483,-1,484,485,61,-1,386,385,486,-1,384,383,487,-1,488,489,490,-1,491,492,493,-1,494,495,496,-1,496,495,149,-1,497,498,499,-1,490,500,501,-1,500,490,502,-1,502,490,489,-1,502,489,503,-1,199,503,379,-1,379,503,489,-1,379,489,380,-1,380,489,488,-1,380,488,381,-1,381,488,382,-1,149,389,496,-1,496,389,391,-1,496,391,504,-1,383,382,487,-1,487,382,488,-1,487,488,505,-1,505,488,490,-1,505,490,497,-1,497,490,501,-1,497,501,498,-1,391,393,504,-1,504,393,395,-1,504,395,506,-1,385,384,486,-1,486,384,487,-1,486,487,507,-1,507,487,505,-1,507,505,508,-1,508,505,497,-1,508,497,509,-1,509,497,499,-1,509,499,510,-1,395,397,506,-1,506,397,399,-1,506,399,511,-1,509,512,508,-1,508,512,513,-1,508,513,507,-1,507,513,514,-1,507,514,486,-1,486,514,515,-1,486,515,386,-1,485,484,516,-1,492,494,493,-1,493,494,496,-1,493,496,517,-1,517,496,504,-1,517,504,518,-1,518,504,506,-1,518,506,519,-1,519,506,511,-1,519,511,520,-1,520,511,483,-1,520,483,61,-1,61,388,515,-1,515,388,387,-1,515,387,386,-1,512,521,513,-1,513,521,522,-1,513,522,514,-1,514,522,523,-1,514,523,515,-1,515,523,61,-1,521,516,522,-1,522,516,484,-1,522,484,523,-1,523,484,61,-1,399,401,511,-1,511,401,403,-1,511,403,483,-1,483,403,405,-1,483,405,407,-1,510,491,509,-1,509,491,493,-1,509,493,512,-1,512,493,517,-1,512,517,521,-1,521,517,518,-1,521,518,516,-1,516,518,519,-1,516,519,485,-1,485,519,520,-1,485,520,61,-1,204,415,206,-1,206,415,524,-1,524,415,525,-1,525,415,417,-1,525,417,526,-1,526,417,416,-1,526,416,527,-1,527,416,434,-1,527,434,528,-1,528,434,423,-1,528,423,529,-1,529,423,422,-1,529,422,530,-1,530,422,421,-1,530,421,531,-1,531,421,420,-1,531,420,532,-1,420,419,532,-1,532,419,161,-1,532,161,164,-1,533,534,535,-1,536,537,538,-1,226,539,540,-1,541,539,226,-1,538,537,226,-1,542,226,537,-1,543,444,443,-1,444,543,445,-1,445,543,544,-1,445,544,446,-1,446,544,545,-1,446,545,447,-1,447,545,546,-1,447,546,448,-1,448,546,449,-1,449,546,547,-1,449,547,450,-1,450,547,451,-1,451,547,453,-1,451,453,210,-1,471,541,226,-1,548,549,536,-1,536,549,550,-1,536,550,537,-1,537,550,551,-1,537,551,542,-1,552,540,553,-1,553,540,539,-1,553,539,554,-1,554,539,541,-1,554,541,555,-1,471,469,541,-1,541,469,467,-1,541,467,555,-1,555,467,465,-1,555,465,463,-1,535,552,556,-1,556,552,553,-1,556,553,557,-1,557,553,554,-1,557,554,558,-1,558,554,555,-1,558,555,559,-1,559,555,463,-1,560,561,562,-1,562,561,533,-1,533,535,562,-1,562,535,556,-1,562,556,563,-1,563,556,557,-1,563,557,564,-1,564,557,558,-1,564,558,565,-1,565,558,559,-1,565,559,566,-1,534,548,535,-1,535,548,536,-1,535,536,552,-1,552,536,538,-1,552,538,540,-1,540,538,226,-1,560,543,567,-1,567,543,443,-1,567,443,211,-1,463,461,559,-1,559,461,459,-1,559,459,566,-1,566,459,457,-1,566,457,455,-1,560,562,543,-1,543,562,563,-1,543,563,544,-1,544,563,564,-1,544,564,545,-1,545,564,565,-1,545,565,546,-1,546,565,566,-1,546,566,547,-1,547,566,455,-1,547,455,453,-1,454,456,568,-1,458,460,569,-1,570,571,572,-1,228,573,574,-1,575,573,228,-1,572,571,228,-1,470,228,571,-1,472,576,473,-1,473,576,577,-1,473,577,474,-1,474,577,475,-1,475,577,578,-1,475,578,476,-1,476,578,477,-1,477,578,579,-1,477,579,478,-1,478,579,479,-1,479,579,580,-1,479,580,480,-1,480,580,481,-1,481,580,581,-1,481,581,482,-1,482,581,582,-1,482,582,208,-1,583,575,228,-1,462,464,570,-1,570,464,466,-1,570,466,571,-1,571,466,468,-1,571,468,470,-1,584,574,585,-1,585,574,573,-1,585,573,586,-1,586,573,575,-1,586,575,587,-1,460,462,569,-1,569,462,570,-1,569,570,588,-1,588,570,572,-1,588,572,589,-1,589,572,228,-1,583,590,575,-1,575,590,591,-1,575,591,587,-1,587,591,592,-1,587,592,593,-1,594,584,595,-1,595,584,585,-1,595,585,596,-1,596,585,586,-1,596,586,597,-1,597,586,587,-1,597,587,598,-1,598,587,593,-1,568,594,599,-1,599,594,595,-1,599,595,600,-1,600,595,596,-1,600,596,601,-1,601,596,597,-1,601,597,602,-1,602,597,598,-1,602,598,603,-1,456,458,568,-1,568,458,569,-1,568,569,594,-1,594,569,588,-1,594,588,584,-1,584,588,589,-1,584,589,574,-1,574,589,228,-1,472,209,576,-1,576,209,452,-1,576,452,454,-1,593,604,598,-1,598,604,605,-1,598,605,603,-1,603,605,606,-1,603,606,607,-1,454,568,576,-1,576,568,599,-1,576,599,577,-1,577,599,600,-1,577,600,578,-1,578,600,601,-1,578,601,579,-1,579,601,602,-1,579,602,580,-1,580,602,603,-1,580,603,581,-1,581,603,607,-1,581,607,582,-1,147,149,495,-1,147,495,608,-1,608,495,494,-1,608,494,609,-1,609,494,492,-1,609,492,610,-1,610,492,491,-1,610,491,611,-1,611,491,510,-1,611,510,612,-1,612,510,499,-1,612,499,613,-1,613,499,498,-1,613,498,614,-1,614,498,501,-1,614,501,615,-1,615,501,500,-1,615,500,616,-1,616,500,502,-1,616,502,201,-1,201,502,503,-1,201,503,199,-1,213,617,164,-1,164,617,532,-1,532,617,531,-1,531,617,618,-1,531,618,530,-1,530,618,619,-1,530,619,529,-1,529,619,620,-1,529,620,528,-1,528,620,621,-1,528,621,527,-1,527,621,622,-1,527,622,526,-1,526,622,623,-1,526,623,525,-1,525,623,624,-1,525,624,524,-1,624,625,524,-1,524,625,212,-1,524,212,206,-1,211,212,567,-1,567,212,626,-1,567,626,560,-1,560,626,627,-1,560,627,561,-1,561,627,628,-1,561,628,533,-1,533,628,629,-1,533,629,534,-1,534,629,630,-1,534,630,548,-1,548,630,631,-1,548,631,549,-1,549,631,632,-1,549,632,550,-1,550,632,633,-1,550,633,551,-1,551,633,634,-1,551,634,542,-1,634,635,542,-1,542,635,220,-1,542,220,226,-1,207,208,636,-1,636,208,582,-1,636,582,637,-1,637,582,607,-1,637,607,638,-1,638,607,606,-1,638,606,639,-1,639,606,605,-1,639,605,640,-1,640,605,604,-1,640,604,641,-1,641,604,593,-1,641,593,642,-1,642,593,592,-1,642,592,643,-1,643,592,591,-1,643,591,644,-1,644,591,590,-1,644,590,645,-1,590,583,645,-1,645,583,228,-1,645,228,217,-1,207,646,201,-1,201,646,616,-1,616,646,615,-1,615,646,647,-1,615,647,614,-1,614,647,648,-1,614,648,613,-1,613,648,649,-1,613,649,612,-1,612,649,650,-1,612,650,611,-1,611,650,651,-1,611,651,610,-1,610,651,652,-1,610,652,609,-1,609,652,653,-1,609,653,608,-1,653,654,608,-1,608,654,214,-1,608,214,147,-1,655,656,657,-1,658,659,660,-1,220,661,662,-1,663,661,220,-1,660,659,220,-1,664,220,659,-1,665,618,617,-1,618,665,619,-1,619,665,666,-1,619,666,620,-1,620,666,667,-1,620,667,621,-1,621,667,668,-1,621,668,622,-1,622,668,623,-1,623,668,669,-1,623,669,624,-1,624,669,625,-1,625,669,626,-1,625,626,212,-1,635,663,220,-1,670,671,658,-1,658,671,672,-1,658,672,659,-1,659,672,673,-1,659,673,664,-1,674,662,675,-1,675,662,661,-1,675,661,676,-1,676,661,663,-1,676,663,677,-1,635,634,663,-1,663,634,633,-1,663,633,677,-1,677,633,632,-1,677,632,631,-1,657,674,678,-1,678,674,675,-1,678,675,679,-1,679,675,676,-1,679,676,680,-1,680,676,677,-1,680,677,681,-1,681,677,631,-1,682,683,684,-1,684,683,655,-1,655,657,684,-1,684,657,678,-1,684,678,685,-1,685,678,679,-1,685,679,686,-1,686,679,680,-1,686,680,687,-1,687,680,681,-1,687,681,688,-1,656,670,657,-1,657,670,658,-1,657,658,674,-1,674,658,660,-1,674,660,662,-1,662,660,220,-1,682,665,689,-1,689,665,617,-1,689,617,213,-1,631,630,681,-1,681,630,629,-1,681,629,688,-1,688,629,628,-1,688,628,627,-1,682,684,665,-1,665,684,685,-1,665,685,666,-1,666,685,686,-1,666,686,667,-1,667,686,687,-1,667,687,668,-1,668,687,688,-1,668,688,669,-1,669,688,627,-1,669,627,626,-1,639,640,690,-1,691,692,693,-1,217,694,695,-1,696,694,217,-1,693,692,217,-1,645,217,692,-1,697,647,646,-1,647,697,648,-1,648,697,698,-1,648,698,649,-1,649,698,699,-1,649,699,650,-1,650,699,700,-1,650,700,651,-1,651,700,652,-1,652,700,701,-1,652,701,653,-1,653,701,654,-1,654,701,702,-1,654,702,214,-1,703,696,217,-1,641,642,691,-1,691,642,643,-1,691,643,692,-1,692,643,644,-1,692,644,645,-1,704,695,705,-1,705,695,694,-1,705,694,706,-1,706,694,696,-1,706,696,707,-1,703,708,696,-1,696,708,709,-1,696,709,707,-1,707,709,710,-1,707,710,711,-1,690,704,712,-1,712,704,705,-1,712,705,713,-1,713,705,706,-1,713,706,714,-1,714,706,707,-1,714,707,715,-1,715,707,711,-1,637,638,716,-1,716,638,639,-1,639,690,716,-1,716,690,712,-1,716,712,717,-1,717,712,713,-1,717,713,718,-1,718,713,714,-1,718,714,719,-1,719,714,715,-1,719,715,720,-1,640,641,690,-1,690,641,691,-1,690,691,704,-1,704,691,693,-1,704,693,695,-1,695,693,217,-1,637,697,636,-1,636,697,646,-1,636,646,207,-1,711,721,715,-1,715,721,722,-1,715,722,720,-1,720,722,723,-1,720,723,724,-1,637,716,697,-1,697,716,717,-1,697,717,698,-1,698,717,718,-1,698,718,699,-1,699,718,719,-1,699,719,700,-1,700,719,720,-1,700,720,701,-1,701,720,724,-1,701,724,702,-1,213,214,689,-1,689,214,702,-1,689,702,682,-1,682,702,724,-1,682,724,683,-1,683,724,723,-1,683,723,655,-1,655,723,722,-1,655,722,656,-1,656,722,721,-1,656,721,670,-1,670,721,711,-1,670,711,671,-1,671,711,710,-1,671,710,672,-1,672,710,709,-1,672,709,673,-1,673,709,708,-1,673,708,664,-1,708,703,664,-1,664,703,217,-1,664,217,220,-1,
        ]
    }
}
Shape{
    appearance Appearance {
        material  Material {
            diffuseColor 0.0 0.0 0.0
            specularColor 0.0 0.0 0.0
            ambientIntensity 0.0
            transparency 0.0
            shininess 0.5
        }
    }
    geometry IndexedFaceSet {
        ccw TRUE
        solid FALSE
        coord DEF co Coordinate {
            point [
                -2.5753 -0.9561 0.9839, -2.5753 -0.9561 0.9843, -2.5795 -0.9246 0.9839, -2.5795 -0.9246 0.9843, -2.5916 -0.8952 0.9839, -2.5916 -0.8952 0.9843, -2.611 -0.87 0.9839, -2.611 -0.87 0.9843, -2.6362 -0.8506 0.9839, -2.6362 -0.8506 0.9843, -2.6656 -0.8385 0.9839, -2.6656 -0.8385 0.9843, -2.6972 -0.8343 0.9839, -2.6972 -0.8343 0.9843, -2.7287 -0.8385 0.9839, -2.7287 -0.8385 0.9843, -2.7581 -0.8506 0.9839, -2.7581 -0.8506 0.9843, -2.7833 -0.87 0.9839, -2.7833 -0.87 0.9843, -2.8027 -0.8952 0.9839, -2.8027 -0.8952 0.9843, -2.8148 -0.9246 0.9839, -2.8148 -0.9246 0.9843, -2.819 -0.9561 0.9839, -2.819 -0.9561 0.9843, -2.8148 -0.9877 0.9839, -2.8148 -0.9877 0.9843, -2.8027 -1.0171 0.9839, -2.8027 -1.0171 0.9843, -2.7833 -1.0423 0.9839, -2.7833 -1.0423 0.9843, -2.7581 -1.0616 0.9839, -2.7581 -1.0616 0.9843, -2.7287 -1.0738 0.9839, -2.7287 -1.0738 0.9843, -2.6972 -1.078 0.9839, -2.6972 -1.078 0.9843, -2.6656 -1.0738 0.9839, -2.6656 -1.0738 0.9843, -2.6362 -1.0616 0.9839, -2.6362 -1.0616 0.9843, -2.611 -1.0423 0.9839, -2.611 -1.0423 0.9843, -2.5916 -1.0171 0.9839, -2.5916 -1.0171 0.9843, -2.5795 -0.9877 0.9839, -2.5795 -0.9877 0.9843, -2.6972 -0.9561 0.9839
            ]
        }
        coordIndex [
            0,1,2,-1,2,1,3,-1,2,3,4,-1,4,3,5,-1,4,5,6,-1,6,5,7,-1,6,7,8,-1,8,7,9,-1,8,9,10,-1,10,9,11,-1,10,11,12,-1,12,11,13,-1,12,13,14,-1,14,13,15,-1,14,15,16,-1,16,15,17,-1,16,17,18,-1,18,17,19,-1,18,19,20,-1,20,19,21,-1,20,21,22,-1,22,21,23,-1,22,23,24,-1,24,23,25,-1,24,25,26,-1,26,25,27,-1,26,27,28,-1,28,27,29,-1,28,29,30,-1,30,29,31,-1,30,31,32,-1,32,31,33,-1,32,33,34,-1,34,33,35,-1,34,35,36,-1,36,35,37,-1,36,37,38,-1,38,37,39,-1,38,39,40,-1,40,39,41,-1,40,41,42,-1,42,41,43,-1,42,43,44,-1,44,43,45,-1,44,45,46,-1,46,45,47,-1,46,47,0,-1,0,47,1,-1,44,46,48,-1,48,46,0,-1,48,0,2,-1,38,40,48,-1,48,40,42,-1,48,42,44,-1,32,34,48,-1,48,34,36,-1,48,36,38,-1,26,28,48,-1,48,28,30,-1,48,30,32,-1,20,22,48,-1,48,22,24,-1,48,24,26,-1,14,16,48,-1,48,16,18,-1,48,18,20,-1,8,10,48,-1,48,10,12,-1,48,12,14,-1,2,4,48,-1,48,4,6,-1,48,6,8,-1,
        ]
    }
}
Shape{
    appearance Appearance {
        material  Material {
            diffuseColor 1.0 1.0 1.0
            specularColor 0.5019607843137255 0.5019607843137255 0.5019607843137255
            ambientIntensity 1.0
            transparency 0.0
            shininess 0.5
        }
    }
    geometry IndexedFaceSet {
        ccw TRUE
        solid FALSE
        coord DEF co Coordinate {
            point [
                0.1673 -1.4764 0.5315, 0.1673 -1.6733 0.5315, 0.3327 -1.4764 0.5315, 0.3327 -1.6733 0.5315, 0.3327 -2.0492 0.0984, 0.3327 -1.852 0.0984, 0.1673 -2.0492 0.0984, 0.1673 -1.852 0.0984, 0.3327 -2.0492 0.0, 0.1673 -2.0492 0.0, 0.3327 -1.852 0.0, 0.1673 -1.852 0.0, 0.1673 -1.8229 0.0037, 0.3327 -1.8229 0.0037, 0.1673 -1.7956 0.0144, 0.3327 -1.7956 0.0144, 0.1673 -1.7717 0.0315, 0.3327 -1.7717 0.0315, 0.1673 -1.7528 0.054, 0.3327 -1.7528 0.054, 0.1673 -1.7401 0.0805, 0.3327 -1.7401 0.0805, 0.1673 -1.7343 0.1092, 0.3327 -1.7343 0.1092, 0.3327 -1.7126 0.3967, 0.1673 -1.7126 0.3967, 0.3327 -1.7107 0.4063, 0.1673 -1.7107 0.4063, 0.3327 -1.7064 0.4151, 0.1673 -1.7064 0.4151, 0.3327 -1.7001 0.4226, 0.1673 -1.7001 0.4226, 0.3327 -1.6922 0.4283, 0.1673 -1.6922 0.4283, 0.3327 -1.6831 0.4319, 0.1673 -1.6831 0.4319, 0.3327 -1.6733 0.4331, 0.1673 -1.6733 0.4331, 0.3327 -1.4695 0.4331, 0.1673 -1.4695 0.4331, 0.1673 -1.7073 0.5272, 0.3327 -1.7073 0.5272, 0.1673 -1.7392 0.5147, 0.3327 -1.7392 0.5147, 0.1673 -1.767 0.4947, 0.3327 -1.767 0.4947, 0.1673 -1.7891 0.4685, 0.3327 -1.7891 0.4685, 0.1673 -1.8039 0.4376, 0.3327 -1.8039 0.4376, 0.1673 -1.8107 0.4041, 0.3327 -1.8107 0.4041, 0.3327 -1.8324 0.1166, 0.1673 -1.8324 0.1166, 0.3327 -1.8334 0.1118, 0.1673 -1.8334 0.1118, 0.3327 -1.8355 0.1074, 0.1673 -1.8355 0.1074, 0.3327 -1.8386 0.1037, 0.1673 -1.8386 0.1037, 0.3327 -1.8426 0.1008, 0.1673 -1.8426 0.1008, 0.3327 -1.8472 0.099, 0.1673 -1.8472 0.099, 0.8327 -2.0492 0.0984, 0.8327 -1.852 0.0984, 0.6673 -2.0492 0.0984, 0.6673 -1.852 0.0984, 0.8327 -2.0492 0.0, 0.6673 -2.0492 0.0, 0.8327 -1.852 0.0, 0.6673 -1.852 0.0, 0.6673 -1.8229 0.0037, 0.8327 -1.8229 0.0037, 0.6673 -1.7956 0.0144, 0.8327 -1.7956 0.0144, 0.6673 -1.7717 0.0315, 0.8327 -1.7717 0.0315, 0.6673 -1.7528 0.054, 0.8327 -1.7528 0.054, 0.6673 -1.7401 0.0805, 0.8327 -1.7401 0.0805, 0.6673 -1.7343 0.1092, 0.8327 -1.7343 0.1092, 0.8327 -1.7126 0.3967, 0.6673 -1.7126 0.3967, 0.8327 -1.7107 0.4063, 0.6673 -1.7107 0.4063, 0.8327 -1.7064 0.4151, 0.6673 -1.7064 0.4151, 0.8327 -1.7001 0.4226, 0.6673 -1.7001 0.4226, 0.8327 -1.6922 0.4283, 0.6673 -1.6922 0.4283, 0.8327 -1.6831 0.4319, 0.6673 -1.6831 0.4319, 0.8327 -1.6733 0.4331, 0.6673 -1.6733 0.4331, 0.8327 -1.4695 0.4331, 0.6673 -1.4695 0.4331, 0.6673 -1.4764 0.5315, 0.6673 -1.6733 0.5315, 0.8327 -1.4764 0.5315, 0.8327 -1.6733 0.5315, 0.6673 -1.7073 0.5272, 0.8327 -1.7073 0.5272, 0.6673 -1.7392 0.5147, 0.8327 -1.7392 0.5147, 0.6673 -1.767 0.4947, 0.8327 -1.767 0.4947, 0.6673 -1.7891 0.4685, 0.8327 -1.7891 0.4685, 0.6673 -1.8039 0.4376, 0.8327 -1.8039 0.4376, 0.6673 -1.8107 0.4041, 0.8327 -1.8107 0.4041, 0.8327 -1.8324 0.1166, 0.6673 -1.8324 0.1166, 0.8327 -1.8334 0.1118, 0.8327 -1.8355 0.1074, 0.8327 -1.8386 0.1037, 0.8327 -1.8426 0.1008, 0.8327 -1.8472 0.099, 0.6673 -1.8334 0.1118, 0.6673 -1.8355 0.1074, 0.6673 -1.8386 0.1037, 0.6673 -1.8426 0.1008, 0.6673 -1.8472 0.099, 1.3327 -2.0492 0.0984, 1.3327 -1.852 0.0984, 1.1673 -2.0492 0.0984, 1.1673 -1.852 0.0984, 1.3327 -2.0492 0.0, 1.1673 -2.0492 0.0, 1.3327 -1.852 0.0, 1.1673 -1.852 0.0, 1.1673 -1.8229 0.0037, 1.3327 -1.8229 0.0037, 1.1673 -1.7956 0.0144, 1.3327 -1.7956 0.0144, 1.1673 -1.7717 0.0315, 1.3327 -1.7717 0.0315, 1.1673 -1.7528 0.054, 1.3327 -1.7528 0.054, 1.1673 -1.7401 0.0805, 1.3327 -1.7401 0.0805, 1.1673 -1.7343 0.1092, 1.3327 -1.7343 0.1092, 1.3327 -1.7126 0.3967, 1.1673 -1.7126 0.3967, 1.3327 -1.7107 0.4063, 1.1673 -1.7107 0.4063, 1.3327 -1.7064 0.4151, 1.1673 -1.7064 0.4151, 1.3327 -1.7001 0.4226, 1.1673 -1.7001 0.4226, 1.3327 -1.6922 0.4283, 1.1673 -1.6922 0.4283, 1.3327 -1.6831 0.4319, 1.1673 -1.6831 0.4319, 1.3327 -1.6733 0.4331, 1.1673 -1.6733 0.4331, 1.3327 -1.4695 0.4331, 1.1673 -1.4695 0.4331, 1.1673 -1.4764 0.5315, 1.1673 -1.6733 0.5315, 1.3327 -1.4764 0.5315, 1.3327 -1.6733 0.5315, 1.1673 -1.7073 0.5272, 1.3327 -1.7073 0.5272, 1.1673 -1.7392 0.5147, 1.3327 -1.7392 0.5147, 1.1673 -1.767 0.4947, 1.3327 -1.767 0.4947, 1.1673 -1.7891 0.4685, 1.3327 -1.7891 0.4685, 1.1673 -1.8039 0.4376, 1.3327 -1.8039 0.4376, 1.1673 -1.8107 0.4041, 1.3327 -1.8107 0.4041, 1.3327 -1.8324 0.1166, 1.1673 -1.8324 0.1166, 1.3327 -1.8334 0.1118, 1.3327 -1.8355 0.1074, 1.3327 -1.8386 0.1037, 1.3327 -1.8426 0.1008, 1.3327 -1.8472 0.099, 1.1673 -1.8334 0.1118, 1.1673 -1.8355 0.1074, 1.1673 -1.8386 0.1037, 1.1673 -1.8426 0.1008, 1.1673 -1.8472 0.099, 1.8327 -2.0492 0.0984, 1.8327 -1.852 0.0984, 1.6673 -2.0492 0.0984, 1.6673 -1.852 0.0984, 1.8327 -2.0492 0.0, 1.6673 -2.0492 0.0, 1.8327 -1.852 0.0, 1.6673 -1.852 0.0, 1.6673 -1.8229 0.0037, 1.8327 -1.8229 0.0037, 1.6673 -1.7956 0.0144, 1.8327 -1.7956 0.0144, 1.6673 -1.7717 0.0315, 1.8327 -1.7717 0.0315, 1.6673 -1.7528 0.054, 1.8327 -1.7528 0.054, 1.6673 -1.7401 0.0805, 1.8327 -1.7401 0.0805, 1.6673 -1.7343 0.1092, 1.8327 -1.7343 0.1092, 1.8327 -1.7126 0.3967, 1.6673 -1.7126 0.3967, 1.8327 -1.7107 0.4063, 1.6673 -1.7107 0.4063, 1.8327 -1.7064 0.4151, 1.6673 -1.7064 0.4151, 1.8327 -1.7001 0.4226, 1.6673 -1.7001 0.4226, 1.8327 -1.6922 0.4283, 1.6673 -1.6922 0.4283, 1.8327 -1.6831 0.4319, 1.6673 -1.6831 0.4319, 1.8327 -1.6733 0.4331, 1.6673 -1.6733 0.4331, 1.8327 -1.4695 0.4331, 1.6673 -1.4695 0.4331, 1.6673 -1.4764 0.5315, 1.6673 -1.6733 0.5315, 1.8327 -1.4764 0.5315, 1.8327 -1.6733 0.5315, 1.6673 -1.7073 0.5272, 1.8327 -1.7073 0.5272, 1.6673 -1.7392 0.5147, 1.8327 -1.7392 0.5147, 1.6673 -1.767 0.4947, 1.8327 -1.767 0.4947, 1.6673 -1.7891 0.4685, 1.8327 -1.7891 0.4685, 1.6673 -1.8039 0.4376, 1.8327 -1.8039 0.4376, 1.6673 -1.8107 0.4041, 1.8327 -1.8107 0.4041, 1.8327 -1.8324 0.1166, 1.6673 -1.8324 0.1166, 1.8327 -1.8334 0.1118, 1.8327 -1.8355 0.1074, 1.8327 -1.8386 0.1037, 1.8327 -1.8426 0.1008, 1.8327 -1.8472 0.099, 1.6673 -1.8334 0.1118, 1.6673 -1.8355 0.1074, 1.6673 -1.8386 0.1037, 1.6673 -1.8426 0.1008, 1.6673 -1.8472 0.099, 2.3327 -2.0492 0.0984, 2.3327 -1.852 0.0984, 2.1673 -2.0492 0.0984, 2.1673 -1.852 0.0984, 2.3327 -2.0492 0.0, 2.1673 -2.0492 0.0, 2.3327 -1.852 0.0, 2.1673 -1.852 0.0, 2.1673 -1.8229 0.0037, 2.3327 -1.8229 0.0037, 2.1673 -1.7956 0.0144, 2.3327 -1.7956 0.0144, 2.1673 -1.7717 0.0315, 2.3327 -1.7717 0.0315, 2.1673 -1.7528 0.054, 2.3327 -1.7528 0.054, 2.1673 -1.7401 0.0805, 2.3327 -1.7401 0.0805, 2.1673 -1.7343 0.1092, 2.3327 -1.7343 0.1092, 2.3327 -1.7126 0.3967, 2.1673 -1.7126 0.3967, 2.3327 -1.7107 0.4063, 2.1673 -1.7107 0.4063, 2.3327 -1.7064 0.4151, 2.1673 -1.7064 0.4151, 2.3327 -1.7001 0.4226, 2.1673 -1.7001 0.4226, 2.3327 -1.6922 0.4283, 2.1673 -1.6922 0.4283, 2.3327 -1.6831 0.4319, 2.1673 -1.6831 0.4319, 2.3327 -1.6733 0.4331, 2.1673 -1.6733 0.4331, 2.3327 -1.4695 0.4331, 2.1673 -1.4695 0.4331, 2.1673 -1.4764 0.5315, 2.1673 -1.6733 0.5315, 2.3327 -1.4764 0.5315, 2.3327 -1.6733 0.5315, 2.1673 -1.7073 0.5272, 2.3327 -1.7073 0.5272, 2.1673 -1.7392 0.5147, 2.3327 -1.7392 0.5147, 2.1673 -1.767 0.4947, 2.3327 -1.767 0.4947, 2.1673 -1.7891 0.4685, 2.3327 -1.7891 0.4685, 2.1673 -1.8039 0.4376, 2.3327 -1.8039 0.4376, 2.1673 -1.8107 0.4041, 2.3327 -1.8107 0.4041, 2.3327 -1.8324 0.1166, 2.1673 -1.8324 0.1166, 2.3327 -1.8334 0.1118, 2.3327 -1.8355 0.1074, 2.3327 -1.8386 0.1037, 2.3327 -1.8426 0.1008, 2.3327 -1.8472 0.099, 2.1673 -1.8334 0.1118, 2.1673 -1.8355 0.1074, 2.1673 -1.8386 0.1037, 2.1673 -1.8426 0.1008, 2.1673 -1.8472 0.099, 2.8327 -2.0492 0.0984, 2.8327 -1.852 0.0984, 2.6673 -2.0492 0.0984, 2.6673 -1.852 0.0984, 2.8327 -2.0492 0.0, 2.6673 -2.0492 0.0, 2.8327 -1.852 0.0, 2.6673 -1.852 0.0, 2.6673 -1.8229 0.0037, 2.8327 -1.8229 0.0037, 2.6673 -1.7956 0.0144, 2.8327 -1.7956 0.0144, 2.6673 -1.7717 0.0315, 2.8327 -1.7717 0.0315, 2.6673 -1.7528 0.054, 2.8327 -1.7528 0.054, 2.6673 -1.7401 0.0805, 2.8327 -1.7401 0.0805, 2.6673 -1.7343 0.1092, 2.8327 -1.7343 0.1092, 2.8327 -1.7126 0.3967, 2.6673 -1.7126 0.3967, 2.8327 -1.7107 0.4063, 2.6673 -1.7107 0.4063, 2.8327 -1.7064 0.4151, 2.6673 -1.7064 0.4151, 2.8327 -1.7001 0.4226, 2.6673 -1.7001 0.4226, 2.8327 -1.6922 0.4283, 2.6673 -1.6922 0.4283, 2.8327 -1.6831 0.4319, 2.6673 -1.6831 0.4319, 2.8327 -1.6733 0.4331, 2.6673 -1.6733 0.4331, 2.8327 -1.4695 0.4331, 2.6673 -1.4695 0.4331, 2.6673 -1.4764 0.5315, 2.6673 -1.6733 0.5315, 2.8327 -1.4764 0.5315, 2.8327 -1.6733 0.5315, 2.6673 -1.7073 0.5272, 2.8327 -1.7073 0.5272, 2.6673 -1.7392 0.5147, 2.8327 -1.7392 0.5147, 2.6673 -1.767 0.4947, 2.8327 -1.767 0.4947, 2.6673 -1.7891 0.4685, 2.8327 -1.7891 0.4685, 2.6673 -1.8039 0.4376, 2.8327 -1.8039 0.4376, 2.6673 -1.8107 0.4041, 2.8327 -1.8107 0.4041, 2.8327 -1.8324 0.1166, 2.6673 -1.8324 0.1166, 2.8327 -1.8334 0.1118, 2.8327 -1.8355 0.1074, 2.8327 -1.8386 0.1037, 2.8327 -1.8426 0.1008, 2.8327 -1.8472 0.099, 2.6673 -1.8334 0.1118, 2.6673 -1.8355 0.1074, 2.6673 -1.8386 0.1037, 2.6673 -1.8426 0.1008, 2.6673 -1.8472 0.099, -0.1673 -2.0492 0.0984, -0.1673 -1.852 0.0984, -0.3327 -2.0492 0.0984, -0.3327 -1.852 0.0984, -0.1673 -2.0492 0.0, -0.3327 -2.0492 0.0, -0.1673 -1.852 0.0, -0.3327 -1.852 0.0, -0.3327 -1.8229 0.0037, -0.1673 -1.8229 0.0037, -0.3327 -1.7956 0.0144, -0.1673 -1.7956 0.0144, -0.3327 -1.7717 0.0315, -0.1673 -1.7717 0.0315, -0.3327 -1.7528 0.054, -0.1673 -1.7528 0.054, -0.3327 -1.7401 0.0805, -0.1673 -1.7401 0.0805, -0.3327 -1.7343 0.1092, -0.1673 -1.7343 0.1092, -0.1673 -1.7126 0.3967, -0.3327 -1.7126 0.3967, -0.1673 -1.7107 0.4063, -0.3327 -1.7107 0.4063, -0.1673 -1.7064 0.4151, -0.3327 -1.7064 0.4151, -0.1673 -1.7001 0.4226, -0.3327 -1.7001 0.4226, -0.1673 -1.6922 0.4283, -0.3327 -1.6922 0.4283, -0.1673 -1.6831 0.4319, -0.3327 -1.6831 0.4319, -0.1673 -1.6733 0.4331, -0.3327 -1.6733 0.4331, -0.1673 -1.4695 0.4331, -0.3327 -1.4695 0.4331, -0.3327 -1.4764 0.5315, -0.3327 -1.6733 0.5315, -0.1673 -1.4764 0.5315, -0.1673 -1.6733 0.5315, -0.3327 -1.7073 0.5272, -0.1673 -1.7073 0.5272, -0.3327 -1.7392 0.5147, -0.1673 -1.7392 0.5147, -0.3327 -1.767 0.4947, -0.1673 -1.767 0.4947, -0.3327 -1.7891 0.4685, -0.1673 -1.7891 0.4685, -0.3327 -1.8039 0.4376, -0.1673 -1.8039 0.4376, -0.3327 -1.8107 0.4041, -0.1673 -1.8107 0.4041, -0.1673 -1.8324 0.1166, -0.3327 -1.8324 0.1166, -0.1673 -1.8334 0.1118, -0.1673 -1.8355 0.1074, -0.1673 -1.8386 0.1037, -0.1673 -1.8426 0.1008, -0.1673 -1.8472 0.099, -0.3327 -1.8334 0.1118, -0.3327 -1.8355 0.1074, -0.3327 -1.8386 0.1037, -0.3327 -1.8426 0.1008, -0.3327 -1.8472 0.099, -0.6673 -2.0492 0.0984, -0.6673 -1.852 0.0984, -0.8327 -2.0492 0.0984, -0.8327 -1.852 0.0984, -0.6673 -2.0492 0.0, -0.8327 -2.0492 0.0, -0.6673 -1.852 0.0, -0.8327 -1.852 0.0, -0.8327 -1.8229 0.0037, -0.6673 -1.8229 0.0037, -0.8327 -1.7956 0.0144, -0.6673 -1.7956 0.0144, -0.8327 -1.7717 0.0315, -0.6673 -1.7717 0.0315, -0.8327 -1.7528 0.054, -0.6673 -1.7528 0.054, -0.8327 -1.7401 0.0805, -0.6673 -1.7401 0.0805, -0.8327 -1.7343 0.1092, -0.6673 -1.7343 0.1092, -0.6673 -1.7126 0.3967, -0.8327 -1.7126 0.3967, -0.6673 -1.7107 0.4063, -0.8327 -1.7107 0.4063, -0.6673 -1.7064 0.4151, -0.8327 -1.7064 0.4151, -0.6673 -1.7001 0.4226, -0.8327 -1.7001 0.4226, -0.6673 -1.6922 0.4283, -0.8327 -1.6922 0.4283, -0.6673 -1.6831 0.4319, -0.8327 -1.6831 0.4319, -0.6673 -1.6733 0.4331, -0.8327 -1.6733 0.4331, -0.6673 -1.4695 0.4331, -0.8327 -1.4695 0.4331, -0.8327 -1.4764 0.5315, -0.8327 -1.6733 0.5315, -0.6673 -1.4764 0.5315, -0.6673 -1.6733 0.5315, -0.8327 -1.7073 0.5272, -0.6673 -1.7073 0.5272, -0.8327 -1.7392 0.5147, -0.6673 -1.7392 0.5147, -0.8327 -1.767 0.4947, -0.6673 -1.767 0.4947, -0.8327 -1.7891 0.4685, -0.6673 -1.7891 0.4685, -0.8327 -1.8039 0.4376, -0.6673 -1.8039 0.4376, -0.8327 -1.8107 0.4041, -0.6673 -1.8107 0.4041, -0.6673 -1.8324 0.1166, -0.8327 -1.8324 0.1166, -0.6673 -1.8334 0.1118, -0.6673 -1.8355 0.1074, -0.6673 -1.8386 0.1037, -0.6673 -1.8426 0.1008, -0.6673 -1.8472 0.099, -0.8327 -1.8334 0.1118, -0.8327 -1.8355 0.1074, -0.8327 -1.8386 0.1037, -0.8327 -1.8426 0.1008, -0.8327 -1.8472 0.099, -1.1673 -2.0492 0.0984, -1.1673 -1.852 0.0984, -1.3327 -2.0492 0.0984, -1.3327 -1.852 0.0984, -1.1673 -2.0492 0.0, -1.3327 -2.0492 0.0, -1.1673 -1.852 0.0, -1.3327 -1.852 0.0, -1.3327 -1.8229 0.0037, -1.1673 -1.8229 0.0037, -1.3327 -1.7956 0.0144, -1.1673 -1.7956 0.0144, -1.3327 -1.7717 0.0315, -1.1673 -1.7717 0.0315, -1.3327 -1.7528 0.054, -1.1673 -1.7528 0.054, -1.3327 -1.7401 0.0805, -1.1673 -1.7401 0.0805, -1.3327 -1.7343 0.1092, -1.1673 -1.7343 0.1092, -1.1673 -1.7126 0.3967, -1.3327 -1.7126 0.3967, -1.1673 -1.7107 0.4063, -1.3327 -1.7107 0.4063, -1.1673 -1.7064 0.4151, -1.3327 -1.7064 0.4151, -1.1673 -1.7001 0.4226, -1.3327 -1.7001 0.4226, -1.1673 -1.6922 0.4283, -1.3327 -1.6922 0.4283, -1.1673 -1.6831 0.4319, -1.3327 -1.6831 0.4319, -1.1673 -1.6733 0.4331, -1.3327 -1.6733 0.4331, -1.1673 -1.4695 0.4331, -1.3327 -1.4695 0.4331, -1.3327 -1.4764 0.5315, -1.3327 -1.6733 0.5315, -1.1673 -1.4764 0.5315, -1.1673 -1.6733 0.5315, -1.3327 -1.7073 0.5272, -1.1673 -1.7073 0.5272, -1.3327 -1.7392 0.5147, -1.1673 -1.7392 0.5147, -1.3327 -1.767 0.4947, -1.1673 -1.767 0.4947, -1.3327 -1.7891 0.4685, -1.1673 -1.7891 0.4685, -1.3327 -1.8039 0.4376, -1.1673 -1.8039 0.4376, -1.3327 -1.8107 0.4041, -1.1673 -1.8107 0.4041, -1.1673 -1.8324 0.1166, -1.3327 -1.8324 0.1166, -1.1673 -1.8334 0.1118, -1.1673 -1.8355 0.1074, -1.1673 -1.8386 0.1037, -1.1673 -1.8426 0.1008, -1.1673 -1.8472 0.099, -1.3327 -1.8334 0.1118, -1.3327 -1.8355 0.1074, -1.3327 -1.8386 0.1037, -1.3327 -1.8426 0.1008, -1.3327 -1.8472 0.099, -1.6673 -2.0492 0.0984, -1.6673 -1.852 0.0984, -1.8327 -2.0492 0.0984, -1.8327 -1.852 0.0984, -1.6673 -2.0492 0.0, -1.8327 -2.0492 0.0, -1.6673 -1.852 0.0, -1.8327 -1.852 0.0, -1.8327 -1.8229 0.0037, -1.6673 -1.8229 0.0037, -1.8327 -1.7956 0.0144, -1.6673 -1.7956 0.0144, -1.8327 -1.7717 0.0315, -1.6673 -1.7717 0.0315, -1.8327 -1.7528 0.054, -1.6673 -1.7528 0.054, -1.8327 -1.7401 0.0805, -1.6673 -1.7401 0.0805, -1.8327 -1.7343 0.1092, -1.6673 -1.7343 0.1092, -1.6673 -1.7126 0.3967, -1.8327 -1.7126 0.3967, -1.6673 -1.7107 0.4063, -1.8327 -1.7107 0.4063, -1.6673 -1.7064 0.4151, -1.8327 -1.7064 0.4151, -1.6673 -1.7001 0.4226, -1.8327 -1.7001 0.4226, -1.6673 -1.6922 0.4283, -1.8327 -1.6922 0.4283, -1.6673 -1.6831 0.4319, -1.8327 -1.6831 0.4319, -1.6673 -1.6733 0.4331, -1.8327 -1.6733 0.4331, -1.6673 -1.4695 0.4331, -1.8327 -1.4695 0.4331, -1.8327 -1.4764 0.5315, -1.8327 -1.6733 0.5315, -1.6673 -1.4764 0.5315, -1.6673 -1.6733 0.5315, -1.8327 -1.7073 0.5272, -1.6673 -1.7073 0.5272, -1.8327 -1.7392 0.5147, -1.6673 -1.7392 0.5147, -1.8327 -1.767 0.4947, -1.6673 -1.767 0.4947, -1.8327 -1.7891 0.4685, -1.6673 -1.7891 0.4685, -1.8327 -1.8039 0.4376, -1.6673 -1.8039 0.4376, -1.8327 -1.8107 0.4041, -1.6673 -1.8107 0.4041, -1.6673 -1.8324 0.1166, -1.8327 -1.8324 0.1166, -1.6673 -1.8334 0.1118, -1.6673 -1.8355 0.1074, -1.6673 -1.8386 0.1037, -1.6673 -1.8426 0.1008, -1.6673 -1.8472 0.099, -1.8327 -1.8334 0.1118, -1.8327 -1.8355 0.1074, -1.8327 -1.8386 0.1037, -1.8327 -1.8426 0.1008, -1.8327 -1.8472 0.099, -2.1673 -2.0492 0.0984, -2.1673 -1.852 0.0984, -2.3327 -2.0492 0.0984, -2.3327 -1.852 0.0984, -2.1673 -2.0492 0.0, -2.3327 -2.0492 0.0, -2.1673 -1.852 0.0, -2.3327 -1.852 0.0, -2.3327 -1.8229 0.0037, -2.1673 -1.8229 0.0037, -2.3327 -1.7956 0.0144, -2.1673 -1.7956 0.0144, -2.3327 -1.7717 0.0315, -2.1673 -1.7717 0.0315, -2.3327 -1.7528 0.054, -2.1673 -1.7528 0.054, -2.3327 -1.7401 0.0805, -2.1673 -1.7401 0.0805, -2.3327 -1.7343 0.1092, -2.1673 -1.7343 0.1092, -2.1673 -1.7126 0.3967, -2.3327 -1.7126 0.3967, -2.1673 -1.7107 0.4063, -2.3327 -1.7107 0.4063, -2.1673 -1.7064 0.4151, -2.3327 -1.7064 0.4151, -2.1673 -1.7001 0.4226, -2.3327 -1.7001 0.4226, -2.1673 -1.6922 0.4283, -2.3327 -1.6922 0.4283, -2.1673 -1.6831 0.4319, -2.3327 -1.6831 0.4319, -2.1673 -1.6733 0.4331, -2.3327 -1.6733 0.4331, -2.1673 -1.4695 0.4331, -2.3327 -1.4695 0.4331, -2.3327 -1.4764 0.5315, -2.3327 -1.6733 0.5315, -2.1673 -1.4764 0.5315, -2.1673 -1.6733 0.5315, -2.3327 -1.7073 0.5272, -2.1673 -1.7073 0.5272, -2.3327 -1.7392 0.5147, -2.1673 -1.7392 0.5147, -2.3327 -1.767 0.4947, -2.1673 -1.767 0.4947, -2.3327 -1.7891 0.4685, -2.1673 -1.7891 0.4685, -2.3327 -1.8039 0.4376, -2.1673 -1.8039 0.4376, -2.3327 -1.8107 0.4041, -2.1673 -1.8107 0.4041, -2.1673 -1.8324 0.1166, -2.3327 -1.8324 0.1166, -2.1673 -1.8334 0.1118, -2.1673 -1.8355 0.1074, -2.1673 -1.8386 0.1037, -2.1673 -1.8426 0.1008, -2.1673 -1.8472 0.099, -2.3327 -1.8334 0.1118, -2.3327 -1.8355 0.1074, -2.3327 -1.8386 0.1037, -2.3327 -1.8426 0.1008, -2.3327 -1.8472 0.099, -2.6673 -2.0492 0.0984, -2.6673 -1.852 0.0984, -2.8327 -2.0492 0.0984, -2.8327 -1.852 0.0984, -2.6673 -2.0492 0.0, -2.8327 -2.0492 0.0, -2.6673 -1.852 0.0, -2.8327 -1.852 0.0, -2.8327 -1.8229 0.0037, -2.6673 -1.8229 0.0037, -2.8327 -1.7956 0.0144, -2.6673 -1.7956 0.0144, -2.8327 -1.7717 0.0315, -2.6673 -1.7717 0.0315, -2.8327 -1.7528 0.054, -2.6673 -1.7528 0.054, -2.8327 -1.7401 0.0805, -2.6673 -1.7401 0.0805, -2.8327 -1.7343 0.1092, -2.6673 -1.7343 0.1092, -2.6673 -1.7126 0.3967, -2.8327 -1.7126 0.3967, -2.6673 -1.7107 0.4063, -2.8327 -1.7107 0.4063, -2.6673 -1.7064 0.4151, -2.8327 -1.7064 0.4151, -2.6673 -1.7001 0.4226, -2.8327 -1.7001 0.4226, -2.6673 -1.6922 0.4283, -2.8327 -1.6922 0.4283, -2.6673 -1.6831 0.4319, -2.8327 -1.6831 0.4319, -2.6673 -1.6733 0.4331, -2.8327 -1.6733 0.4331, -2.6673 -1.4695 0.4331, -2.8327 -1.4695 0.4331, -2.8327 -1.4764 0.5315, -2.8327 -1.6733 0.5315, -2.6673 -1.4764 0.5315, -2.6673 -1.6733 0.5315, -2.8327 -1.7073 0.5272, -2.6673 -1.7073 0.5272, -2.8327 -1.7392 0.5147, -2.6673 -1.7392 0.5147, -2.8327 -1.767 0.4947, -2.6673 -1.767 0.4947, -2.8327 -1.7891 0.4685, -2.6673 -1.7891 0.4685, -2.8327 -1.8039 0.4376, -2.6673 -1.8039 0.4376, -2.8327 -1.8107 0.4041, -2.6673 -1.8107 0.4041, -2.6673 -1.8324 0.1166, -2.8327 -1.8324 0.1166, -2.6673 -1.8334 0.1118, -2.6673 -1.8355 0.1074, -2.6673 -1.8386 0.1037, -2.6673 -1.8426 0.1008, -2.6673 -1.8472 0.099, -2.8327 -1.8334 0.1118, -2.8327 -1.8355 0.1074, -2.8327 -1.8386 0.1037, -2.8327 -1.8426 0.1008, -2.8327 -1.8472 0.099, 0.3327 1.852 0.0984, 0.3327 2.0492 0.0984, 0.1673 1.852 0.0984, 0.1673 2.0492 0.0984, 0.3327 2.0492 0.0, 0.1673 2.0492 0.0, 0.3327 1.852 0.0, 0.1673 1.852 0.0, 0.3327 1.7343 0.1092, 0.1673 1.7343 0.1092, 0.1673 1.7401 0.0805, 0.3327 1.7401 0.0805, 0.1673 1.7528 0.054, 0.3327 1.7528 0.054, 0.1673 1.7717 0.0315, 0.3327 1.7717 0.0315, 0.1673 1.7956 0.0144, 0.3327 1.7956 0.0144, 0.1673 1.8229 0.0037, 0.3327 1.8229 0.0037, 0.3327 1.7126 0.3967, 0.1673 1.7126 0.3967, 0.3327 1.6733 0.4331, 0.1673 1.6733 0.4331, 0.3327 1.6831 0.4319, 0.1673 1.6831 0.4319, 0.3327 1.6922 0.4283, 0.1673 1.6922 0.4283, 0.3327 1.7001 0.4226, 0.1673 1.7001 0.4226, 0.3327 1.7064 0.4151, 0.1673 1.7064 0.4151, 0.3327 1.7107 0.4063, 0.1673 1.7107 0.4063, 0.3327 1.4695 0.4331, 0.1673 1.4695 0.4331, 0.1673 1.6733 0.5315, 0.1673 1.4764 0.5315, 0.3327 1.6733 0.5315, 0.3327 1.4764 0.5315, 0.3327 1.8107 0.4041, 0.1673 1.8107 0.4041, 0.1673 1.8039 0.4376, 0.3327 1.8039 0.4376, 0.1673 1.7891 0.4685, 0.3327 1.7891 0.4685, 0.1673 1.767 0.4947, 0.3327 1.767 0.4947, 0.1673 1.7392 0.5147, 0.3327 1.7392 0.5147, 0.1673 1.7073 0.5272, 0.3327 1.7073 0.5272, 0.3327 1.8324 0.1166, 0.1673 1.8324 0.1166, 0.3327 1.8472 0.099, 0.3327 1.8426 0.1008, 0.3327 1.8386 0.1037, 0.3327 1.8355 0.1074, 0.3327 1.8334 0.1118, 0.1673 1.8472 0.099, 0.1673 1.8426 0.1008, 0.1673 1.8386 0.1037, 0.1673 1.8355 0.1074, 0.1673 1.8334 0.1118, 0.8327 1.852 0.0984, 0.8327 2.0492 0.0984, 0.6673 1.852 0.0984, 0.6673 2.0492 0.0984, 0.8327 2.0492 0.0, 0.6673 2.0492 0.0, 0.8327 1.852 0.0, 0.6673 1.852 0.0, 0.8327 1.7343 0.1092, 0.6673 1.7343 0.1092, 0.6673 1.7401 0.0805, 0.8327 1.7401 0.0805, 0.6673 1.7528 0.054, 0.8327 1.7528 0.054, 0.6673 1.7717 0.0315, 0.8327 1.7717 0.0315, 0.6673 1.7956 0.0144, 0.8327 1.7956 0.0144, 0.6673 1.8229 0.0037, 0.8327 1.8229 0.0037, 0.8327 1.7126 0.3967, 0.6673 1.7126 0.3967, 0.8327 1.6733 0.4331, 0.6673 1.6733 0.4331, 0.8327 1.6831 0.4319, 0.6673 1.6831 0.4319, 0.8327 1.6922 0.4283, 0.6673 1.6922 0.4283, 0.8327 1.7001 0.4226, 0.6673 1.7001 0.4226, 0.8327 1.7064 0.4151, 0.6673 1.7064 0.4151, 0.8327 1.7107 0.4063, 0.6673 1.7107 0.4063, 0.8327 1.4695 0.4331, 0.6673 1.4695 0.4331, 0.6673 1.6733 0.5315, 0.6673 1.4764 0.5315, 0.8327 1.6733 0.5315, 0.8327 1.4764 0.5315, 0.8327 1.8107 0.4041, 0.6673 1.8107 0.4041, 0.6673 1.8039 0.4376, 0.8327 1.8039 0.4376, 0.6673 1.7891 0.4685, 0.8327 1.7891 0.4685, 0.6673 1.767 0.4947, 0.8327 1.767 0.4947, 0.6673 1.7392 0.5147, 0.8327 1.7392 0.5147, 0.6673 1.7073 0.5272, 0.8327 1.7073 0.5272, 0.8327 1.8324 0.1166, 0.6673 1.8324 0.1166, 0.8327 1.8472 0.099, 0.8327 1.8426 0.1008, 0.8327 1.8386 0.1037, 0.8327 1.8355 0.1074, 0.8327 1.8334 0.1118, 0.6673 1.8472 0.099, 0.6673 1.8426 0.1008, 0.6673 1.8386 0.1037, 0.6673 1.8355 0.1074, 0.6673 1.8334 0.1118, 1.3327 1.852 0.0984, 1.3327 2.0492 0.0984, 1.1673 1.852 0.0984, 1.1673 2.0492 0.0984, 1.3327 2.0492 0.0, 1.1673 2.0492 0.0, 1.3327 1.852 0.0, 1.1673 1.852 0.0, 1.3327 1.7343 0.1092, 1.1673 1.7343 0.1092, 1.1673 1.7401 0.0805, 1.3327 1.7401 0.0805, 1.1673 1.7528 0.054, 1.3327 1.7528 0.054, 1.1673 1.7717 0.0315, 1.3327 1.7717 0.0315, 1.1673 1.7956 0.0144, 1.3327 1.7956 0.0144, 1.1673 1.8229 0.0037, 1.3327 1.8229 0.0037, 1.3327 1.7126 0.3967, 1.1673 1.7126 0.3967, 1.3327 1.6733 0.4331, 1.1673 1.6733 0.4331, 1.3327 1.6831 0.4319, 1.1673 1.6831 0.4319, 1.3327 1.6922 0.4283, 1.1673 1.6922 0.4283, 1.3327 1.7001 0.4226, 1.1673 1.7001 0.4226, 1.3327 1.7064 0.4151, 1.1673 1.7064 0.4151, 1.3327 1.7107 0.4063, 1.1673 1.7107 0.4063, 1.3327 1.4695 0.4331, 1.1673 1.4695 0.4331, 1.1673 1.6733 0.5315, 1.1673 1.4764 0.5315, 1.3327 1.6733 0.5315, 1.3327 1.4764 0.5315, 1.3327 1.8107 0.4041, 1.1673 1.8107 0.4041, 1.1673 1.8039 0.4376, 1.3327 1.8039 0.4376, 1.1673 1.7891 0.4685, 1.3327 1.7891 0.4685, 1.1673 1.767 0.4947, 1.3327 1.767 0.4947, 1.1673 1.7392 0.5147, 1.3327 1.7392 0.5147, 1.1673 1.7073 0.5272, 1.3327 1.7073 0.5272, 1.3327 1.8324 0.1166, 1.1673 1.8324 0.1166, 1.3327 1.8472 0.099, 1.3327 1.8426 0.1008, 1.3327 1.8386 0.1037, 1.3327 1.8355 0.1074, 1.3327 1.8334 0.1118, 1.1673 1.8472 0.099, 1.1673 1.8426 0.1008, 1.1673 1.8386 0.1037, 1.1673 1.8355 0.1074, 1.1673 1.8334 0.1118, 1.8327 1.852 0.0984, 1.8327 2.0492 0.0984, 1.6673 1.852 0.0984, 1.6673 2.0492 0.0984, 1.8327 2.0492 0.0, 1.6673 2.0492 0.0, 1.8327 1.852 0.0, 1.6673 1.852 0.0, 1.8327 1.7343 0.1092, 1.6673 1.7343 0.1092, 1.6673 1.7401 0.0805, 1.8327 1.7401 0.0805, 1.6673 1.7528 0.054, 1.8327 1.7528 0.054, 1.6673 1.7717 0.0315, 1.8327 1.7717 0.0315, 1.6673 1.7956 0.0144, 1.8327 1.7956 0.0144, 1.6673 1.8229 0.0037, 1.8327 1.8229 0.0037, 1.8327 1.7126 0.3967, 1.6673 1.7126 0.3967, 1.8327 1.6733 0.4331, 1.6673 1.6733 0.4331, 1.8327 1.6831 0.4319, 1.6673 1.6831 0.4319, 1.8327 1.6922 0.4283, 1.6673 1.6922 0.4283, 1.8327 1.7001 0.4226, 1.6673 1.7001 0.4226, 1.8327 1.7064 0.4151, 1.6673 1.7064 0.4151, 1.8327 1.7107 0.4063, 1.6673 1.7107 0.4063, 1.8327 1.4695 0.4331, 1.6673 1.4695 0.4331, 1.6673 1.6733 0.5315, 1.6673 1.4764 0.5315, 1.8327 1.6733 0.5315, 1.8327 1.4764 0.5315, 1.8327 1.8107 0.4041, 1.6673 1.8107 0.4041, 1.6673 1.8039 0.4376, 1.8327 1.8039 0.4376, 1.6673 1.7891 0.4685, 1.8327 1.7891 0.4685, 1.6673 1.767 0.4947, 1.8327 1.767 0.4947, 1.6673 1.7392 0.5147, 1.8327 1.7392 0.5147, 1.6673 1.7073 0.5272, 1.8327 1.7073 0.5272, 1.8327 1.8324 0.1166, 1.6673 1.8324 0.1166, 1.8327 1.8472 0.099, 1.8327 1.8426 0.1008, 1.8327 1.8386 0.1037, 1.8327 1.8355 0.1074, 1.8327 1.8334 0.1118, 1.6673 1.8472 0.099, 1.6673 1.8426 0.1008, 1.6673 1.8386 0.1037, 1.6673 1.8355 0.1074, 1.6673 1.8334 0.1118, 2.3327 1.852 0.0984, 2.3327 2.0492 0.0984, 2.1673 1.852 0.0984, 2.1673 2.0492 0.0984, 2.3327 2.0492 0.0, 2.1673 2.0492 0.0, 2.3327 1.852 0.0, 2.1673 1.852 0.0, 2.3327 1.7343 0.1092, 2.1673 1.7343 0.1092, 2.1673 1.7401 0.0805, 2.3327 1.7401 0.0805, 2.1673 1.7528 0.054, 2.3327 1.7528 0.054, 2.1673 1.7717 0.0315, 2.3327 1.7717 0.0315, 2.1673 1.7956 0.0144, 2.3327 1.7956 0.0144, 2.1673 1.8229 0.0037, 2.3327 1.8229 0.0037, 2.3327 1.7126 0.3967, 2.1673 1.7126 0.3967, 2.3327 1.6733 0.4331, 2.1673 1.6733 0.4331, 2.3327 1.6831 0.4319, 2.1673 1.6831 0.4319, 2.3327 1.6922 0.4283, 2.1673 1.6922 0.4283, 2.3327 1.7001 0.4226, 2.1673 1.7001 0.4226, 2.3327 1.7064 0.4151, 2.1673 1.7064 0.4151, 2.3327 1.7107 0.4063, 2.1673 1.7107 0.4063, 2.3327 1.4695 0.4331, 2.1673 1.4695 0.4331, 2.1673 1.6733 0.5315, 2.1673 1.4764 0.5315, 2.3327 1.6733 0.5315, 2.3327 1.4764 0.5315, 2.3327 1.8107 0.4041, 2.1673 1.8107 0.4041, 2.1673 1.8039 0.4376, 2.3327 1.8039 0.4376, 2.1673 1.7891 0.4685, 2.3327 1.7891 0.4685, 2.1673 1.767 0.4947, 2.3327 1.767 0.4947, 2.1673 1.7392 0.5147, 2.3327 1.7392 0.5147, 2.1673 1.7073 0.5272, 2.3327 1.7073 0.5272, 2.3327 1.8324 0.1166, 2.1673 1.8324 0.1166, 2.3327 1.8472 0.099, 2.3327 1.8426 0.1008, 2.3327 1.8386 0.1037, 2.3327 1.8355 0.1074, 2.3327 1.8334 0.1118, 2.1673 1.8472 0.099, 2.1673 1.8426 0.1008, 2.1673 1.8386 0.1037, 2.1673 1.8355 0.1074, 2.1673 1.8334 0.1118, 2.8327 1.852 0.0984, 2.8327 2.0492 0.0984, 2.6673 1.852 0.0984, 2.6673 2.0492 0.0984, 2.8327 2.0492 0.0, 2.6673 2.0492 0.0, 2.8327 1.852 0.0, 2.6673 1.852 0.0, 2.8327 1.7343 0.1092, 2.6673 1.7343 0.1092, 2.6673 1.7401 0.0805, 2.8327 1.7401 0.0805, 2.6673 1.7528 0.054, 2.8327 1.7528 0.054, 2.6673 1.7717 0.0315, 2.8327 1.7717 0.0315, 2.6673 1.7956 0.0144, 2.8327 1.7956 0.0144, 2.6673 1.8229 0.0037, 2.8327 1.8229 0.0037, 2.8327 1.7126 0.3967, 2.6673 1.7126 0.3967, 2.8327 1.6733 0.4331, 2.6673 1.6733 0.4331, 2.8327 1.6831 0.4319, 2.6673 1.6831 0.4319, 2.8327 1.6922 0.4283, 2.6673 1.6922 0.4283, 2.8327 1.7001 0.4226, 2.6673 1.7001 0.4226, 2.8327 1.7064 0.4151, 2.6673 1.7064 0.4151, 2.8327 1.7107 0.4063, 2.6673 1.7107 0.4063, 2.8327 1.4695 0.4331, 2.6673 1.4695 0.4331, 2.6673 1.6733 0.5315, 2.6673 1.4764 0.5315, 2.8327 1.6733 0.5315, 2.8327 1.4764 0.5315, 2.8327 1.8107 0.4041, 2.6673 1.8107 0.4041, 2.6673 1.8039 0.4376, 2.8327 1.8039 0.4376, 2.6673 1.7891 0.4685, 2.8327 1.7891 0.4685, 2.6673 1.767 0.4947, 2.8327 1.767 0.4947, 2.6673 1.7392 0.5147, 2.8327 1.7392 0.5147, 2.6673 1.7073 0.5272, 2.8327 1.7073 0.5272, 2.8327 1.8324 0.1166, 2.6673 1.8324 0.1166, 2.8327 1.8472 0.099, 2.8327 1.8426 0.1008, 2.8327 1.8386 0.1037, 2.8327 1.8355 0.1074, 2.8327 1.8334 0.1118, 2.6673 1.8472 0.099, 2.6673 1.8426 0.1008, 2.6673 1.8386 0.1037, 2.6673 1.8355 0.1074, 2.6673 1.8334 0.1118, -0.1673 1.852 0.0984, -0.1673 2.0492 0.0984, -0.3327 1.852 0.0984, -0.3327 2.0492 0.0984, -0.1673 2.0492 0.0, -0.3327 2.0492 0.0, -0.1673 1.852 0.0, -0.3327 1.852 0.0, -0.1673 1.7343 0.1092, -0.3327 1.7343 0.1092, -0.3327 1.7401 0.0805, -0.1673 1.7401 0.0805, -0.3327 1.7528 0.054, -0.1673 1.7528 0.054, -0.3327 1.7717 0.0315, -0.1673 1.7717 0.0315, -0.3327 1.7956 0.0144, -0.1673 1.7956 0.0144, -0.3327 1.8229 0.0037, -0.1673 1.8229 0.0037, -0.1673 1.7126 0.3967, -0.3327 1.7126 0.3967, -0.1673 1.6733 0.4331, -0.3327 1.6733 0.4331, -0.1673 1.6831 0.4319, -0.3327 1.6831 0.4319, -0.1673 1.6922 0.4283, -0.3327 1.6922 0.4283, -0.1673 1.7001 0.4226, -0.3327 1.7001 0.4226, -0.1673 1.7064 0.4151, -0.3327 1.7064 0.4151, -0.1673 1.7107 0.4063, -0.3327 1.7107 0.4063, -0.1673 1.4695 0.4331, -0.3327 1.4695 0.4331, -0.3327 1.6733 0.5315, -0.3327 1.4764 0.5315, -0.1673 1.6733 0.5315, -0.1673 1.4764 0.5315, -0.1673 1.8107 0.4041, -0.3327 1.8107 0.4041, -0.3327 1.8039 0.4376, -0.1673 1.8039 0.4376, -0.3327 1.7891 0.4685, -0.1673 1.7891 0.4685, -0.3327 1.767 0.4947, -0.1673 1.767 0.4947, -0.3327 1.7392 0.5147, -0.1673 1.7392 0.5147, -0.3327 1.7073 0.5272, -0.1673 1.7073 0.5272, -0.1673 1.8324 0.1166, -0.3327 1.8324 0.1166, -0.1673 1.8472 0.099, -0.1673 1.8426 0.1008, -0.1673 1.8386 0.1037, -0.1673 1.8355 0.1074, -0.1673 1.8334 0.1118, -0.3327 1.8472 0.099, -0.3327 1.8426 0.1008, -0.3327 1.8386 0.1037, -0.3327 1.8355 0.1074, -0.3327 1.8334 0.1118, -0.6673 1.852 0.0984, -0.6673 2.0492 0.0984, -0.8327 1.852 0.0984, -0.8327 2.0492 0.0984, -0.6673 2.0492 0.0, -0.8327 2.0492 0.0, -0.6673 1.852 0.0, -0.8327 1.852 0.0, -0.6673 1.7343 0.1092, -0.8327 1.7343 0.1092, -0.8327 1.7401 0.0805, -0.6673 1.7401 0.0805, -0.8327 1.7528 0.054, -0.6673 1.7528 0.054, -0.8327 1.7717 0.0315, -0.6673 1.7717 0.0315, -0.8327 1.7956 0.0144, -0.6673 1.7956 0.0144, -0.8327 1.8229 0.0037, -0.6673 1.8229 0.0037, -0.6673 1.7126 0.3967, -0.8327 1.7126 0.3967, -0.6673 1.6733 0.4331, -0.8327 1.6733 0.4331, -0.6673 1.6831 0.4319, -0.8327 1.6831 0.4319, -0.6673 1.6922 0.4283, -0.8327 1.6922 0.4283, -0.6673 1.7001 0.4226, -0.8327 1.7001 0.4226, -0.6673 1.7064 0.4151, -0.8327 1.7064 0.4151, -0.6673 1.7107 0.4063, -0.8327 1.7107 0.4063, -0.6673 1.4695 0.4331, -0.8327 1.4695 0.4331, -0.8327 1.6733 0.5315, -0.8327 1.4764 0.5315, -0.6673 1.6733 0.5315, -0.6673 1.4764 0.5315, -0.6673 1.8107 0.4041, -0.8327 1.8107 0.4041, -0.8327 1.8039 0.4376, -0.6673 1.8039 0.4376, -0.8327 1.7891 0.4685, -0.6673 1.7891 0.4685, -0.8327 1.767 0.4947, -0.6673 1.767 0.4947, -0.8327 1.7392 0.5147, -0.6673 1.7392 0.5147, -0.8327 1.7073 0.5272, -0.6673 1.7073 0.5272, -0.6673 1.8324 0.1166, -0.8327 1.8324 0.1166, -0.6673 1.8472 0.099, -0.6673 1.8426 0.1008, -0.6673 1.8386 0.1037, -0.6673 1.8355 0.1074, -0.6673 1.8334 0.1118, -0.8327 1.8472 0.099, -0.8327 1.8426 0.1008, -0.8327 1.8386 0.1037, -0.8327 1.8355 0.1074, -0.8327 1.8334 0.1118, -1.1673 1.852 0.0984, -1.1673 2.0492 0.0984, -1.3327 1.852 0.0984, -1.3327 2.0492 0.0984, -1.1673 2.0492 0.0, -1.3327 2.0492 0.0, -1.1673 1.852 0.0, -1.3327 1.852 0.0, -1.1673 1.7343 0.1092, -1.3327 1.7343 0.1092, -1.3327 1.7401 0.0805, -1.1673 1.7401 0.0805, -1.3327 1.7528 0.054, -1.1673 1.7528 0.054, -1.3327 1.7717 0.0315, -1.1673 1.7717 0.0315, -1.3327 1.7956 0.0144, -1.1673 1.7956 0.0144, -1.3327 1.8229 0.0037, -1.1673 1.8229 0.0037, -1.1673 1.7126 0.3967, -1.3327 1.7126 0.3967, -1.1673 1.6733 0.4331, -1.3327 1.6733 0.4331, -1.1673 1.6831 0.4319, -1.3327 1.6831 0.4319, -1.1673 1.6922 0.4283, -1.3327 1.6922 0.4283, -1.1673 1.7001 0.4226, -1.3327 1.7001 0.4226, -1.1673 1.7064 0.4151, -1.3327 1.7064 0.4151, -1.1673 1.7107 0.4063, -1.3327 1.7107 0.4063, -1.1673 1.4695 0.4331, -1.3327 1.4695 0.4331, -1.3327 1.6733 0.5315, -1.3327 1.4764 0.5315, -1.1673 1.6733 0.5315, -1.1673 1.4764 0.5315, -1.1673 1.8107 0.4041, -1.3327 1.8107 0.4041, -1.3327 1.8039 0.4376, -1.1673 1.8039 0.4376, -1.3327 1.7891 0.4685, -1.1673 1.7891 0.4685, -1.3327 1.767 0.4947, -1.1673 1.767 0.4947, -1.3327 1.7392 0.5147, -1.1673 1.7392 0.5147, -1.3327 1.7073 0.5272, -1.1673 1.7073 0.5272, -1.1673 1.8324 0.1166, -1.3327 1.8324 0.1166, -1.1673 1.8472 0.099, -1.1673 1.8426 0.1008, -1.1673 1.8386 0.1037, -1.1673 1.8355 0.1074, -1.1673 1.8334 0.1118, -1.3327 1.8472 0.099, -1.3327 1.8426 0.1008, -1.3327 1.8386 0.1037, -1.3327 1.8355 0.1074, -1.3327 1.8334 0.1118, -1.6673 1.852 0.0984, -1.6673 2.0492 0.0984, -1.8327 1.852 0.0984, -1.8327 2.0492 0.0984, -1.6673 2.0492 0.0, -1.8327 2.0492 0.0, -1.6673 1.852 0.0, -1.8327 1.852 0.0, -1.6673 1.7343 0.1092, -1.8327 1.7343 0.1092, -1.8327 1.7401 0.0805, -1.6673 1.7401 0.0805, -1.8327 1.7528 0.054, -1.6673 1.7528 0.054, -1.8327 1.7717 0.0315, -1.6673 1.7717 0.0315, -1.8327 1.7956 0.0144, -1.6673 1.7956 0.0144, -1.8327 1.8229 0.0037, -1.6673 1.8229 0.0037, -1.6673 1.7126 0.3967, -1.8327 1.7126 0.3967, -1.6673 1.6733 0.4331, -1.8327 1.6733 0.4331, -1.6673 1.6831 0.4319, -1.8327 1.6831 0.4319, -1.6673 1.6922 0.4283, -1.8327 1.6922 0.4283, -1.6673 1.7001 0.4226, -1.8327 1.7001 0.4226, -1.6673 1.7064 0.4151, -1.8327 1.7064 0.4151, -1.6673 1.7107 0.4063, -1.8327 1.7107 0.4063, -1.6673 1.4695 0.4331, -1.8327 1.4695 0.4331, -1.8327 1.6733 0.5315, -1.8327 1.4764 0.5315, -1.6673 1.6733 0.5315, -1.6673 1.4764 0.5315, -1.6673 1.8107 0.4041, -1.8327 1.8107 0.4041, -1.8327 1.8039 0.4376, -1.6673 1.8039 0.4376, -1.8327 1.7891 0.4685, -1.6673 1.7891 0.4685, -1.8327 1.767 0.4947, -1.6673 1.767 0.4947, -1.8327 1.7392 0.5147, -1.6673 1.7392 0.5147, -1.8327 1.7073 0.5272, -1.6673 1.7073 0.5272, -1.6673 1.8324 0.1166, -1.8327 1.8324 0.1166, -1.6673 1.8472 0.099, -1.6673 1.8426 0.1008, -1.6673 1.8386 0.1037, -1.6673 1.8355 0.1074, -1.6673 1.8334 0.1118, -1.8327 1.8472 0.099, -1.8327 1.8426 0.1008, -1.8327 1.8386 0.1037, -1.8327 1.8355 0.1074, -1.8327 1.8334 0.1118, -2.1673 1.852 0.0984, -2.1673 2.0492 0.0984, -2.3327 1.852 0.0984, -2.3327 2.0492 0.0984, -2.1673 2.0492 0.0, -2.3327 2.0492 0.0, -2.1673 1.852 0.0, -2.3327 1.852 0.0, -2.1673 1.7343 0.1092, -2.3327 1.7343 0.1092, -2.3327 1.7401 0.0805, -2.1673 1.7401 0.0805, -2.3327 1.7528 0.054, -2.1673 1.7528 0.054, -2.3327 1.7717 0.0315, -2.1673 1.7717 0.0315, -2.3327 1.7956 0.0144, -2.1673 1.7956 0.0144, -2.3327 1.8229 0.0037, -2.1673 1.8229 0.0037, -2.1673 1.7126 0.3967, -2.3327 1.7126 0.3967, -2.1673 1.6733 0.4331, -2.3327 1.6733 0.4331, -2.1673 1.6831 0.4319, -2.3327 1.6831 0.4319, -2.1673 1.6922 0.4283, -2.3327 1.6922 0.4283, -2.1673 1.7001 0.4226, -2.3327 1.7001 0.4226, -2.1673 1.7064 0.4151, -2.3327 1.7064 0.4151, -2.1673 1.7107 0.4063, -2.3327 1.7107 0.4063, -2.1673 1.4695 0.4331, -2.3327 1.4695 0.4331, -2.3327 1.6733 0.5315, -2.3327 1.4764 0.5315, -2.1673 1.6733 0.5315, -2.1673 1.4764 0.5315, -2.1673 1.8107 0.4041, -2.3327 1.8107 0.4041, -2.3327 1.8039 0.4376, -2.1673 1.8039 0.4376, -2.3327 1.7891 0.4685, -2.1673 1.7891 0.4685, -2.3327 1.767 0.4947, -2.1673 1.767 0.4947, -2.3327 1.7392 0.5147, -2.1673 1.7392 0.5147, -2.3327 1.7073 0.5272, -2.1673 1.7073 0.5272, -2.1673 1.8324 0.1166, -2.3327 1.8324 0.1166, -2.1673 1.8472 0.099, -2.1673 1.8426 0.1008, -2.1673 1.8386 0.1037, -2.1673 1.8355 0.1074, -2.1673 1.8334 0.1118, -2.3327 1.8472 0.099, -2.3327 1.8426 0.1008, -2.3327 1.8386 0.1037, -2.3327 1.8355 0.1074, -2.3327 1.8334 0.1118, -2.6673 1.852 0.0984, -2.6673 2.0492 0.0984, -2.8327 1.852 0.0984, -2.8327 2.0492 0.0984, -2.6673 2.0492 0.0, -2.8327 2.0492 0.0, -2.6673 1.852 0.0, -2.8327 1.852 0.0, -2.6673 1.7343 0.1092, -2.8327 1.7343 0.1092, -2.8327 1.7401 0.0805, -2.6673 1.7401 0.0805, -2.8327 1.7528 0.054, -2.6673 1.7528 0.054, -2.8327 1.7717 0.0315, -2.6673 1.7717 0.0315, -2.8327 1.7956 0.0144, -2.6673 1.7956 0.0144, -2.8327 1.8229 0.0037, -2.6673 1.8229 0.0037, -2.6673 1.7126 0.3967, -2.8327 1.7126 0.3967, -2.6673 1.6733 0.4331, -2.8327 1.6733 0.4331, -2.6673 1.6831 0.4319, -2.8327 1.6831 0.4319, -2.6673 1.6922 0.4283, -2.8327 1.6922 0.4283, -2.6673 1.7001 0.4226, -2.8327 1.7001 0.4226, -2.6673 1.7064 0.4151, -2.8327 1.7064 0.4151, -2.6673 1.7107 0.4063, -2.8327 1.7107 0.4063, -2.6673 1.4695 0.4331, -2.8327 1.4695 0.4331, -2.8327 1.6733 0.5315, -2.8327 1.4764 0.5315, -2.6673 1.6733 0.5315, -2.6673 1.4764 0.5315, -2.6673 1.8107 0.4041, -2.8327 1.8107 0.4041, -2.8327 1.8039 0.4376, -2.6673 1.8039 0.4376, -2.8327 1.7891 0.4685, -2.6673 1.7891 0.4685, -2.8327 1.767 0.4947, -2.6673 1.767 0.4947, -2.8327 1.7392 0.5147, -2.6673 1.7392 0.5147, -2.8327 1.7073 0.5272, -2.6673 1.7073 0.5272, -2.6673 1.8324 0.1166, -2.8327 1.8324 0.1166, -2.6673 1.8472 0.099, -2.6673 1.8426 0.1008, -2.6673 1.8386 0.1037, -2.6673 1.8355 0.1074, -2.6673 1.8334 0.1118, -2.8327 1.8472 0.099, -2.8327 1.8426 0.1008, -2.8327 1.8386 0.1037, -2.8327 1.8355 0.1074, -2.8327 1.8334 0.1118
            ]
        }
        coordIndex [
            0,1,2,-1,2,1,3,-1,4,5,6,-1,6,5,7,-1,8,4,9,-1,9,4,6,-1,10,8,11,-1,11,8,9,-1,10,11,12,-1,10,12,13,-1,13,12,14,-1,13,14,15,-1,15,14,16,-1,15,16,17,-1,17,16,18,-1,17,18,19,-1,19,18,20,-1,19,20,21,-1,21,20,22,-1,21,22,23,-1,24,23,25,-1,25,23,22,-1,24,25,26,-1,26,25,27,-1,26,27,28,-1,28,27,29,-1,28,29,30,-1,30,29,31,-1,30,31,32,-1,32,31,33,-1,32,33,34,-1,34,33,35,-1,34,35,36,-1,36,35,37,-1,38,36,39,-1,39,36,37,-1,3,1,40,-1,3,40,41,-1,41,40,42,-1,41,42,43,-1,43,42,44,-1,43,44,45,-1,45,44,46,-1,45,46,47,-1,47,46,48,-1,47,48,49,-1,49,48,50,-1,49,50,51,-1,52,51,53,-1,53,51,50,-1,52,53,54,-1,54,53,55,-1,54,55,56,-1,56,55,57,-1,56,57,58,-1,58,57,59,-1,58,59,60,-1,60,59,61,-1,60,61,62,-1,62,61,63,-1,62,63,5,-1,5,63,7,-1,38,2,36,-1,36,2,3,-1,36,3,34,-1,34,3,41,-1,34,41,32,-1,32,41,43,-1,32,43,30,-1,30,43,45,-1,30,45,28,-1,28,45,47,-1,28,47,26,-1,26,47,49,-1,26,49,24,-1,24,49,51,-1,24,51,23,-1,23,51,52,-1,23,52,21,-1,21,52,54,-1,21,54,19,-1,19,54,56,-1,19,56,17,-1,17,56,58,-1,17,58,15,-1,15,58,60,-1,15,60,13,-1,13,60,62,-1,13,62,10,-1,10,62,5,-1,10,5,8,-1,8,5,4,-1,9,6,11,-1,11,6,7,-1,11,7,12,-1,12,7,63,-1,12,63,14,-1,14,63,61,-1,14,61,16,-1,16,61,59,-1,16,59,18,-1,18,59,57,-1,18,57,20,-1,20,57,55,-1,20,55,22,-1,22,55,53,-1,22,53,25,-1,25,53,50,-1,25,50,27,-1,27,50,48,-1,27,48,29,-1,29,48,46,-1,29,46,31,-1,31,46,44,-1,31,44,33,-1,33,44,42,-1,33,42,35,-1,35,42,40,-1,35,40,37,-1,37,40,1,-1,37,1,39,-1,39,1,0,-1,64,65,66,-1,66,65,67,-1,68,64,69,-1,69,64,66,-1,70,68,71,-1,71,68,69,-1,70,71,72,-1,70,72,73,-1,73,72,74,-1,73,74,75,-1,75,74,76,-1,75,76,77,-1,77,76,78,-1,77,78,79,-1,79,78,80,-1,79,80,81,-1,81,80,82,-1,81,82,83,-1,84,83,85,-1,85,83,82,-1,84,85,86,-1,86,85,87,-1,86,87,88,-1,88,87,89,-1,88,89,90,-1,90,89,91,-1,90,91,92,-1,92,91,93,-1,92,93,94,-1,94,93,95,-1,94,95,96,-1,96,95,97,-1,98,96,99,-1,99,96,97,-1,100,101,102,-1,102,101,103,-1,103,101,104,-1,103,104,105,-1,105,104,106,-1,105,106,107,-1,107,106,108,-1,107,108,109,-1,109,108,110,-1,109,110,111,-1,111,110,112,-1,111,112,113,-1,113,112,114,-1,113,114,115,-1,116,115,117,-1,117,115,114,-1,98,102,96,-1,96,102,103,-1,96,103,94,-1,94,103,105,-1,94,105,92,-1,92,105,107,-1,92,107,90,-1,90,107,109,-1,90,109,88,-1,88,109,111,-1,88,111,86,-1,86,111,113,-1,86,113,84,-1,84,113,115,-1,84,115,83,-1,83,115,116,-1,83,116,81,-1,81,116,118,-1,81,118,79,-1,79,118,119,-1,79,119,77,-1,77,119,120,-1,77,120,75,-1,75,120,121,-1,75,121,73,-1,73,121,122,-1,73,122,70,-1,70,122,65,-1,70,65,68,-1,68,65,64,-1,116,117,118,-1,118,117,123,-1,118,123,119,-1,119,123,124,-1,119,124,120,-1,120,124,125,-1,120,125,121,-1,121,125,126,-1,121,126,122,-1,122,126,127,-1,122,127,65,-1,65,127,67,-1,69,66,71,-1,71,66,67,-1,71,67,72,-1,72,67,127,-1,72,127,74,-1,74,127,126,-1,74,126,76,-1,76,126,125,-1,76,125,78,-1,78,125,124,-1,78,124,80,-1,80,124,123,-1,80,123,82,-1,82,123,117,-1,82,117,85,-1,85,117,114,-1,85,114,87,-1,87,114,112,-1,87,112,89,-1,89,112,110,-1,89,110,91,-1,91,110,108,-1,91,108,93,-1,93,108,106,-1,93,106,95,-1,95,106,104,-1,95,104,97,-1,97,104,101,-1,97,101,99,-1,99,101,100,-1,128,129,130,-1,130,129,131,-1,132,128,133,-1,133,128,130,-1,134,132,135,-1,135,132,133,-1,134,135,136,-1,134,136,137,-1,137,136,138,-1,137,138,139,-1,139,138,140,-1,139,140,141,-1,141,140,142,-1,141,142,143,-1,143,142,144,-1,143,144,145,-1,145,144,146,-1,145,146,147,-1,148,147,149,-1,149,147,146,-1,148,149,150,-1,150,149,151,-1,150,151,152,-1,152,151,153,-1,152,153,154,-1,154,153,155,-1,154,155,156,-1,156,155,157,-1,156,157,158,-1,158,157,159,-1,158,159,160,-1,160,159,161,-1,162,160,163,-1,163,160,161,-1,164,165,166,-1,166,165,167,-1,167,165,168,-1,167,168,169,-1,169,168,170,-1,169,170,171,-1,171,170,172,-1,171,172,173,-1,173,172,174,-1,173,174,175,-1,175,174,176,-1,175,176,177,-1,177,176,178,-1,177,178,179,-1,180,179,181,-1,181,179,178,-1,162,166,160,-1,160,166,167,-1,160,167,158,-1,158,167,169,-1,158,169,156,-1,156,169,171,-1,156,171,154,-1,154,171,173,-1,154,173,152,-1,152,173,175,-1,152,175,150,-1,150,175,177,-1,150,177,148,-1,148,177,179,-1,148,179,147,-1,147,179,180,-1,147,180,145,-1,145,180,182,-1,145,182,143,-1,143,182,183,-1,143,183,141,-1,141,183,184,-1,141,184,139,-1,139,184,185,-1,139,185,137,-1,137,185,186,-1,137,186,134,-1,134,186,129,-1,134,129,132,-1,132,129,128,-1,180,181,182,-1,182,181,187,-1,182,187,183,-1,183,187,188,-1,183,188,184,-1,184,188,189,-1,184,189,185,-1,185,189,190,-1,185,190,186,-1,186,190,191,-1,186,191,129,-1,129,191,131,-1,133,130,135,-1,135,130,131,-1,135,131,136,-1,136,131,191,-1,136,191,138,-1,138,191,190,-1,138,190,140,-1,140,190,189,-1,140,189,142,-1,142,189,188,-1,142,188,144,-1,144,188,187,-1,144,187,146,-1,146,187,181,-1,146,181,149,-1,149,181,178,-1,149,178,151,-1,151,178,176,-1,151,176,153,-1,153,176,174,-1,153,174,155,-1,155,174,172,-1,155,172,157,-1,157,172,170,-1,157,170,159,-1,159,170,168,-1,159,168,161,-1,161,168,165,-1,161,165,163,-1,163,165,164,-1,192,193,194,-1,194,193,195,-1,196,192,197,-1,197,192,194,-1,198,196,199,-1,199,196,197,-1,198,199,200,-1,198,200,201,-1,201,200,202,-1,201,202,203,-1,203,202,204,-1,203,204,205,-1,205,204,206,-1,205,206,207,-1,207,206,208,-1,207,208,209,-1,209,208,210,-1,209,210,211,-1,212,211,213,-1,213,211,210,-1,212,213,214,-1,214,213,215,-1,214,215,216,-1,216,215,217,-1,216,217,218,-1,218,217,219,-1,218,219,220,-1,220,219,221,-1,220,221,222,-1,222,221,223,-1,222,223,224,-1,224,223,225,-1,226,224,227,-1,227,224,225,-1,228,229,230,-1,230,229,231,-1,231,229,232,-1,231,232,233,-1,233,232,234,-1,233,234,235,-1,235,234,236,-1,235,236,237,-1,237,236,238,-1,237,238,239,-1,239,238,240,-1,239,240,241,-1,241,240,242,-1,241,242,243,-1,244,243,245,-1,245,243,242,-1,226,230,224,-1,224,230,231,-1,224,231,222,-1,222,231,233,-1,222,233,220,-1,220,233,235,-1,220,235,218,-1,218,235,237,-1,218,237,216,-1,216,237,239,-1,216,239,214,-1,214,239,241,-1,214,241,212,-1,212,241,243,-1,212,243,211,-1,211,243,244,-1,211,244,209,-1,209,244,246,-1,209,246,207,-1,207,246,247,-1,207,247,205,-1,205,247,248,-1,205,248,203,-1,203,248,249,-1,203,249,201,-1,201,249,250,-1,201,250,198,-1,198,250,193,-1,198,193,196,-1,196,193,192,-1,244,245,246,-1,246,245,251,-1,246,251,247,-1,247,251,252,-1,247,252,248,-1,248,252,253,-1,248,253,249,-1,249,253,254,-1,249,254,250,-1,250,254,255,-1,250,255,193,-1,193,255,195,-1,197,194,199,-1,199,194,195,-1,199,195,200,-1,200,195,255,-1,200,255,202,-1,202,255,254,-1,202,254,204,-1,204,254,253,-1,204,253,206,-1,206,253,252,-1,206,252,208,-1,208,252,251,-1,208,251,210,-1,210,251,245,-1,210,245,213,-1,213,245,242,-1,213,242,215,-1,215,242,240,-1,215,240,217,-1,217,240,238,-1,217,238,219,-1,219,238,236,-1,219,236,221,-1,221,236,234,-1,221,234,223,-1,223,234,232,-1,223,232,225,-1,225,232,229,-1,225,229,227,-1,227,229,228,-1,256,257,258,-1,258,257,259,-1,260,256,261,-1,261,256,258,-1,262,260,263,-1,263,260,261,-1,262,263,264,-1,262,264,265,-1,265,264,266,-1,265,266,267,-1,267,266,268,-1,267,268,269,-1,269,268,270,-1,269,270,271,-1,271,270,272,-1,271,272,273,-1,273,272,274,-1,273,274,275,-1,276,275,277,-1,277,275,274,-1,276,277,278,-1,278,277,279,-1,278,279,280,-1,280,279,281,-1,280,281,282,-1,282,281,283,-1,282,283,284,-1,284,283,285,-1,284,285,286,-1,286,285,287,-1,286,287,288,-1,288,287,289,-1,290,288,291,-1,291,288,289,-1,292,293,294,-1,294,293,295,-1,295,293,296,-1,295,296,297,-1,297,296,298,-1,297,298,299,-1,299,298,300,-1,299,300,301,-1,301,300,302,-1,301,302,303,-1,303,302,304,-1,303,304,305,-1,305,304,306,-1,305,306,307,-1,308,307,309,-1,309,307,306,-1,290,294,288,-1,288,294,295,-1,288,295,286,-1,286,295,297,-1,286,297,284,-1,284,297,299,-1,284,299,282,-1,282,299,301,-1,282,301,280,-1,280,301,303,-1,280,303,278,-1,278,303,305,-1,278,305,276,-1,276,305,307,-1,276,307,275,-1,275,307,308,-1,275,308,273,-1,273,308,310,-1,273,310,271,-1,271,310,311,-1,271,311,269,-1,269,311,312,-1,269,312,267,-1,267,312,313,-1,267,313,265,-1,265,313,314,-1,265,314,262,-1,262,314,257,-1,262,257,260,-1,260,257,256,-1,308,309,310,-1,310,309,315,-1,310,315,311,-1,311,315,316,-1,311,316,312,-1,312,316,317,-1,312,317,313,-1,313,317,318,-1,313,318,314,-1,314,318,319,-1,314,319,257,-1,257,319,259,-1,261,258,263,-1,263,258,259,-1,263,259,264,-1,264,259,319,-1,264,319,266,-1,266,319,318,-1,266,318,268,-1,268,318,317,-1,268,317,270,-1,270,317,316,-1,270,316,272,-1,272,316,315,-1,272,315,274,-1,274,315,309,-1,274,309,277,-1,277,309,306,-1,277,306,279,-1,279,306,304,-1,279,304,281,-1,281,304,302,-1,281,302,283,-1,283,302,300,-1,283,300,285,-1,285,300,298,-1,285,298,287,-1,287,298,296,-1,287,296,289,-1,289,296,293,-1,289,293,291,-1,291,293,292,-1,320,321,322,-1,322,321,323,-1,324,320,325,-1,325,320,322,-1,326,324,327,-1,327,324,325,-1,326,327,328,-1,326,328,329,-1,329,328,330,-1,329,330,331,-1,331,330,332,-1,331,332,333,-1,333,332,334,-1,333,334,335,-1,335,334,336,-1,335,336,337,-1,337,336,338,-1,337,338,339,-1,340,339,341,-1,341,339,338,-1,340,341,342,-1,342,341,343,-1,342,343,344,-1,344,343,345,-1,344,345,346,-1,346,345,347,-1,346,347,348,-1,348,347,349,-1,348,349,350,-1,350,349,351,-1,350,351,352,-1,352,351,353,-1,354,352,355,-1,355,352,353,-1,356,357,358,-1,358,357,359,-1,359,357,360,-1,359,360,361,-1,361,360,362,-1,361,362,363,-1,363,362,364,-1,363,364,365,-1,365,364,366,-1,365,366,367,-1,367,366,368,-1,367,368,369,-1,369,368,370,-1,369,370,371,-1,372,371,373,-1,373,371,370,-1,354,358,352,-1,352,358,359,-1,352,359,350,-1,350,359,361,-1,350,361,348,-1,348,361,363,-1,348,363,346,-1,346,363,365,-1,346,365,344,-1,344,365,367,-1,344,367,342,-1,342,367,369,-1,342,369,340,-1,340,369,371,-1,340,371,339,-1,339,371,372,-1,339,372,337,-1,337,372,374,-1,337,374,335,-1,335,374,375,-1,335,375,333,-1,333,375,376,-1,333,376,331,-1,331,376,377,-1,331,377,329,-1,329,377,378,-1,329,378,326,-1,326,378,321,-1,326,321,324,-1,324,321,320,-1,372,373,374,-1,374,373,379,-1,374,379,375,-1,375,379,380,-1,375,380,376,-1,376,380,381,-1,376,381,377,-1,377,381,382,-1,377,382,378,-1,378,382,383,-1,378,383,321,-1,321,383,323,-1,325,322,327,-1,327,322,323,-1,327,323,328,-1,328,323,383,-1,328,383,330,-1,330,383,382,-1,330,382,332,-1,332,382,381,-1,332,381,334,-1,334,381,380,-1,334,380,336,-1,336,380,379,-1,336,379,338,-1,338,379,373,-1,338,373,341,-1,341,373,370,-1,341,370,343,-1,343,370,368,-1,343,368,345,-1,345,368,366,-1,345,366,347,-1,347,366,364,-1,347,364,349,-1,349,364,362,-1,349,362,351,-1,351,362,360,-1,351,360,353,-1,353,360,357,-1,353,357,355,-1,355,357,356,-1,384,385,386,-1,386,385,387,-1,388,384,389,-1,389,384,386,-1,390,388,391,-1,391,388,389,-1,390,391,392,-1,390,392,393,-1,393,392,394,-1,393,394,395,-1,395,394,396,-1,395,396,397,-1,397,396,398,-1,397,398,399,-1,399,398,400,-1,399,400,401,-1,401,400,402,-1,401,402,403,-1,404,403,405,-1,405,403,402,-1,404,405,406,-1,406,405,407,-1,406,407,408,-1,408,407,409,-1,408,409,410,-1,410,409,411,-1,410,411,412,-1,412,411,413,-1,412,413,414,-1,414,413,415,-1,414,415,416,-1,416,415,417,-1,418,416,419,-1,419,416,417,-1,420,421,422,-1,422,421,423,-1,423,421,424,-1,423,424,425,-1,425,424,426,-1,425,426,427,-1,427,426,428,-1,427,428,429,-1,429,428,430,-1,429,430,431,-1,431,430,432,-1,431,432,433,-1,433,432,434,-1,433,434,435,-1,436,435,437,-1,437,435,434,-1,418,422,416,-1,416,422,423,-1,416,423,414,-1,414,423,425,-1,414,425,412,-1,412,425,427,-1,412,427,410,-1,410,427,429,-1,410,429,408,-1,408,429,431,-1,408,431,406,-1,406,431,433,-1,406,433,404,-1,404,433,435,-1,404,435,403,-1,403,435,436,-1,403,436,401,-1,401,436,438,-1,401,438,399,-1,399,438,439,-1,399,439,397,-1,397,439,440,-1,397,440,395,-1,395,440,441,-1,395,441,393,-1,393,441,442,-1,393,442,390,-1,390,442,385,-1,390,385,388,-1,388,385,384,-1,436,437,438,-1,438,437,443,-1,438,443,439,-1,439,443,444,-1,439,444,440,-1,440,444,445,-1,440,445,441,-1,441,445,446,-1,441,446,442,-1,442,446,447,-1,442,447,385,-1,385,447,387,-1,389,386,391,-1,391,386,387,-1,391,387,392,-1,392,387,447,-1,392,447,394,-1,394,447,446,-1,394,446,396,-1,396,446,445,-1,396,445,398,-1,398,445,444,-1,398,444,400,-1,400,444,443,-1,400,443,402,-1,402,443,437,-1,402,437,405,-1,405,437,434,-1,405,434,407,-1,407,434,432,-1,407,432,409,-1,409,432,430,-1,409,430,411,-1,411,430,428,-1,411,428,413,-1,413,428,426,-1,413,426,415,-1,415,426,424,-1,415,424,417,-1,417,424,421,-1,417,421,419,-1,419,421,420,-1,448,449,450,-1,450,449,451,-1,452,448,453,-1,453,448,450,-1,454,452,455,-1,455,452,453,-1,454,455,456,-1,454,456,457,-1,457,456,458,-1,457,458,459,-1,459,458,460,-1,459,460,461,-1,461,460,462,-1,461,462,463,-1,463,462,464,-1,463,464,465,-1,465,464,466,-1,465,466,467,-1,468,467,469,-1,469,467,466,-1,468,469,470,-1,470,469,471,-1,470,471,472,-1,472,471,473,-1,472,473,474,-1,474,473,475,-1,474,475,476,-1,476,475,477,-1,476,477,478,-1,478,477,479,-1,478,479,480,-1,480,479,481,-1,482,480,483,-1,483,480,481,-1,484,485,486,-1,486,485,487,-1,487,485,488,-1,487,488,489,-1,489,488,490,-1,489,490,491,-1,491,490,492,-1,491,492,493,-1,493,492,494,-1,493,494,495,-1,495,494,496,-1,495,496,497,-1,497,496,498,-1,497,498,499,-1,500,499,501,-1,501,499,498,-1,482,486,480,-1,480,486,487,-1,480,487,478,-1,478,487,489,-1,478,489,476,-1,476,489,491,-1,476,491,474,-1,474,491,493,-1,474,493,472,-1,472,493,495,-1,472,495,470,-1,470,495,497,-1,470,497,468,-1,468,497,499,-1,468,499,467,-1,467,499,500,-1,467,500,465,-1,465,500,502,-1,465,502,463,-1,463,502,503,-1,463,503,461,-1,461,503,504,-1,461,504,459,-1,459,504,505,-1,459,505,457,-1,457,505,506,-1,457,506,454,-1,454,506,449,-1,454,449,452,-1,452,449,448,-1,500,501,502,-1,502,501,507,-1,502,507,503,-1,503,507,508,-1,503,508,504,-1,504,508,509,-1,504,509,505,-1,505,509,510,-1,505,510,506,-1,506,510,511,-1,506,511,449,-1,449,511,451,-1,453,450,455,-1,455,450,451,-1,455,451,456,-1,456,451,511,-1,456,511,458,-1,458,511,510,-1,458,510,460,-1,460,510,509,-1,460,509,462,-1,462,509,508,-1,462,508,464,-1,464,508,507,-1,464,507,466,-1,466,507,501,-1,466,501,469,-1,469,501,498,-1,469,498,471,-1,471,498,496,-1,471,496,473,-1,473,496,494,-1,473,494,475,-1,475,494,492,-1,475,492,477,-1,477,492,490,-1,477,490,479,-1,479,490,488,-1,479,488,481,-1,481,488,485,-1,481,485,483,-1,483,485,484,-1,512,513,514,-1,514,513,515,-1,516,512,517,-1,517,512,514,-1,518,516,519,-1,519,516,517,-1,518,519,520,-1,518,520,521,-1,521,520,522,-1,521,522,523,-1,523,522,524,-1,523,524,525,-1,525,524,526,-1,525,526,527,-1,527,526,528,-1,527,528,529,-1,529,528,530,-1,529,530,531,-1,532,531,533,-1,533,531,530,-1,532,533,534,-1,534,533,535,-1,534,535,536,-1,536,535,537,-1,536,537,538,-1,538,537,539,-1,538,539,540,-1,540,539,541,-1,540,541,542,-1,542,541,543,-1,542,543,544,-1,544,543,545,-1,546,544,547,-1,547,544,545,-1,548,549,550,-1,550,549,551,-1,551,549,552,-1,551,552,553,-1,553,552,554,-1,553,554,555,-1,555,554,556,-1,555,556,557,-1,557,556,558,-1,557,558,559,-1,559,558,560,-1,559,560,561,-1,561,560,562,-1,561,562,563,-1,564,563,565,-1,565,563,562,-1,546,550,544,-1,544,550,551,-1,544,551,542,-1,542,551,553,-1,542,553,540,-1,540,553,555,-1,540,555,538,-1,538,555,557,-1,538,557,536,-1,536,557,559,-1,536,559,534,-1,534,559,561,-1,534,561,532,-1,532,561,563,-1,532,563,531,-1,531,563,564,-1,531,564,529,-1,529,564,566,-1,529,566,527,-1,527,566,567,-1,527,567,525,-1,525,567,568,-1,525,568,523,-1,523,568,569,-1,523,569,521,-1,521,569,570,-1,521,570,518,-1,518,570,513,-1,518,513,516,-1,516,513,512,-1,564,565,566,-1,566,565,571,-1,566,571,567,-1,567,571,572,-1,567,572,568,-1,568,572,573,-1,568,573,569,-1,569,573,574,-1,569,574,570,-1,570,574,575,-1,570,575,513,-1,513,575,515,-1,517,514,519,-1,519,514,515,-1,519,515,520,-1,520,515,575,-1,520,575,522,-1,522,575,574,-1,522,574,524,-1,524,574,573,-1,524,573,526,-1,526,573,572,-1,526,572,528,-1,528,572,571,-1,528,571,530,-1,530,571,565,-1,530,565,533,-1,533,565,562,-1,533,562,535,-1,535,562,560,-1,535,560,537,-1,537,560,558,-1,537,558,539,-1,539,558,556,-1,539,556,541,-1,541,556,554,-1,541,554,543,-1,543,554,552,-1,543,552,545,-1,545,552,549,-1,545,549,547,-1,547,549,548,-1,576,577,578,-1,578,577,579,-1,580,576,581,-1,581,576,578,-1,582,580,583,-1,583,580,581,-1,582,583,584,-1,582,584,585,-1,585,584,586,-1,585,586,587,-1,587,586,588,-1,587,588,589,-1,589,588,590,-1,589,590,591,-1,591,590,592,-1,591,592,593,-1,593,592,594,-1,593,594,595,-1,596,595,597,-1,597,595,594,-1,596,597,598,-1,598,597,599,-1,598,599,600,-1,600,599,601,-1,600,601,602,-1,602,601,603,-1,602,603,604,-1,604,603,605,-1,604,605,606,-1,606,605,607,-1,606,607,608,-1,608,607,609,-1,610,608,611,-1,611,608,609,-1,612,613,614,-1,614,613,615,-1,615,613,616,-1,615,616,617,-1,617,616,618,-1,617,618,619,-1,619,618,620,-1,619,620,621,-1,621,620,622,-1,621,622,623,-1,623,622,624,-1,623,624,625,-1,625,624,626,-1,625,626,627,-1,628,627,629,-1,629,627,626,-1,610,614,608,-1,608,614,615,-1,608,615,606,-1,606,615,617,-1,606,617,604,-1,604,617,619,-1,604,619,602,-1,602,619,621,-1,602,621,600,-1,600,621,623,-1,600,623,598,-1,598,623,625,-1,598,625,596,-1,596,625,627,-1,596,627,595,-1,595,627,628,-1,595,628,593,-1,593,628,630,-1,593,630,591,-1,591,630,631,-1,591,631,589,-1,589,631,632,-1,589,632,587,-1,587,632,633,-1,587,633,585,-1,585,633,634,-1,585,634,582,-1,582,634,577,-1,582,577,580,-1,580,577,576,-1,628,629,630,-1,630,629,635,-1,630,635,631,-1,631,635,636,-1,631,636,632,-1,632,636,637,-1,632,637,633,-1,633,637,638,-1,633,638,634,-1,634,638,639,-1,634,639,577,-1,577,639,579,-1,581,578,583,-1,583,578,579,-1,583,579,584,-1,584,579,639,-1,584,639,586,-1,586,639,638,-1,586,638,588,-1,588,638,637,-1,588,637,590,-1,590,637,636,-1,590,636,592,-1,592,636,635,-1,592,635,594,-1,594,635,629,-1,594,629,597,-1,597,629,626,-1,597,626,599,-1,599,626,624,-1,599,624,601,-1,601,624,622,-1,601,622,603,-1,603,622,620,-1,603,620,605,-1,605,620,618,-1,605,618,607,-1,607,618,616,-1,607,616,609,-1,609,616,613,-1,609,613,611,-1,611,613,612,-1,640,641,642,-1,642,641,643,-1,644,640,645,-1,645,640,642,-1,646,644,647,-1,647,644,645,-1,646,647,648,-1,646,648,649,-1,649,648,650,-1,649,650,651,-1,651,650,652,-1,651,652,653,-1,653,652,654,-1,653,654,655,-1,655,654,656,-1,655,656,657,-1,657,656,658,-1,657,658,659,-1,660,659,661,-1,661,659,658,-1,660,661,662,-1,662,661,663,-1,662,663,664,-1,664,663,665,-1,664,665,666,-1,666,665,667,-1,666,667,668,-1,668,667,669,-1,668,669,670,-1,670,669,671,-1,670,671,672,-1,672,671,673,-1,674,672,675,-1,675,672,673,-1,676,677,678,-1,678,677,679,-1,679,677,680,-1,679,680,681,-1,681,680,682,-1,681,682,683,-1,683,682,684,-1,683,684,685,-1,685,684,686,-1,685,686,687,-1,687,686,688,-1,687,688,689,-1,689,688,690,-1,689,690,691,-1,692,691,693,-1,693,691,690,-1,674,678,672,-1,672,678,679,-1,672,679,670,-1,670,679,681,-1,670,681,668,-1,668,681,683,-1,668,683,666,-1,666,683,685,-1,666,685,664,-1,664,685,687,-1,664,687,662,-1,662,687,689,-1,662,689,660,-1,660,689,691,-1,660,691,659,-1,659,691,692,-1,659,692,657,-1,657,692,694,-1,657,694,655,-1,655,694,695,-1,655,695,653,-1,653,695,696,-1,653,696,651,-1,651,696,697,-1,651,697,649,-1,649,697,698,-1,649,698,646,-1,646,698,641,-1,646,641,644,-1,644,641,640,-1,692,693,694,-1,694,693,699,-1,694,699,695,-1,695,699,700,-1,695,700,696,-1,696,700,701,-1,696,701,697,-1,697,701,702,-1,697,702,698,-1,698,702,703,-1,698,703,641,-1,641,703,643,-1,645,642,647,-1,647,642,643,-1,647,643,648,-1,648,643,703,-1,648,703,650,-1,650,703,702,-1,650,702,652,-1,652,702,701,-1,652,701,654,-1,654,701,700,-1,654,700,656,-1,656,700,699,-1,656,699,658,-1,658,699,693,-1,658,693,661,-1,661,693,690,-1,661,690,663,-1,663,690,688,-1,663,688,665,-1,665,688,686,-1,665,686,667,-1,667,686,684,-1,667,684,669,-1,669,684,682,-1,669,682,671,-1,671,682,680,-1,671,680,673,-1,673,680,677,-1,673,677,675,-1,675,677,676,-1,704,705,706,-1,706,705,707,-1,708,704,709,-1,709,704,706,-1,710,708,711,-1,711,708,709,-1,710,711,712,-1,710,712,713,-1,713,712,714,-1,713,714,715,-1,715,714,716,-1,715,716,717,-1,717,716,718,-1,717,718,719,-1,719,718,720,-1,719,720,721,-1,721,720,722,-1,721,722,723,-1,724,723,725,-1,725,723,722,-1,724,725,726,-1,726,725,727,-1,726,727,728,-1,728,727,729,-1,728,729,730,-1,730,729,731,-1,730,731,732,-1,732,731,733,-1,732,733,734,-1,734,733,735,-1,734,735,736,-1,736,735,737,-1,738,736,739,-1,739,736,737,-1,740,741,742,-1,742,741,743,-1,743,741,744,-1,743,744,745,-1,745,744,746,-1,745,746,747,-1,747,746,748,-1,747,748,749,-1,749,748,750,-1,749,750,751,-1,751,750,752,-1,751,752,753,-1,753,752,754,-1,753,754,755,-1,756,755,757,-1,757,755,754,-1,738,742,736,-1,736,742,743,-1,736,743,734,-1,734,743,745,-1,734,745,732,-1,732,745,747,-1,732,747,730,-1,730,747,749,-1,730,749,728,-1,728,749,751,-1,728,751,726,-1,726,751,753,-1,726,753,724,-1,724,753,755,-1,724,755,723,-1,723,755,756,-1,723,756,721,-1,721,756,758,-1,721,758,719,-1,719,758,759,-1,719,759,717,-1,717,759,760,-1,717,760,715,-1,715,760,761,-1,715,761,713,-1,713,761,762,-1,713,762,710,-1,710,762,705,-1,710,705,708,-1,708,705,704,-1,756,757,758,-1,758,757,763,-1,758,763,759,-1,759,763,764,-1,759,764,760,-1,760,764,765,-1,760,765,761,-1,761,765,766,-1,761,766,762,-1,762,766,767,-1,762,767,705,-1,705,767,707,-1,709,706,711,-1,711,706,707,-1,711,707,712,-1,712,707,767,-1,712,767,714,-1,714,767,766,-1,714,766,716,-1,716,766,765,-1,716,765,718,-1,718,765,764,-1,718,764,720,-1,720,764,763,-1,720,763,722,-1,722,763,757,-1,722,757,725,-1,725,757,754,-1,725,754,727,-1,727,754,752,-1,727,752,729,-1,729,752,750,-1,729,750,731,-1,731,750,748,-1,731,748,733,-1,733,748,746,-1,733,746,735,-1,735,746,744,-1,735,744,737,-1,737,744,741,-1,737,741,739,-1,739,741,740,-1,768,769,770,-1,770,769,771,-1,769,772,771,-1,771,772,773,-1,772,774,773,-1,773,774,775,-1,776,777,778,-1,776,778,779,-1,779,778,780,-1,779,780,781,-1,781,780,782,-1,781,782,783,-1,783,782,784,-1,783,784,785,-1,785,784,786,-1,785,786,787,-1,787,786,775,-1,787,775,774,-1,776,788,777,-1,777,788,789,-1,790,791,792,-1,792,791,793,-1,792,793,794,-1,794,793,795,-1,794,795,796,-1,796,795,797,-1,796,797,798,-1,798,797,799,-1,798,799,800,-1,800,799,801,-1,800,801,788,-1,788,801,789,-1,790,802,791,-1,791,802,803,-1,804,805,806,-1,806,805,807,-1,808,809,810,-1,808,810,811,-1,811,810,812,-1,811,812,813,-1,813,812,814,-1,813,814,815,-1,815,814,816,-1,815,816,817,-1,817,816,818,-1,817,818,819,-1,819,818,804,-1,819,804,806,-1,808,820,809,-1,809,820,821,-1,772,769,774,-1,774,769,768,-1,774,768,787,-1,787,768,822,-1,787,822,785,-1,785,822,823,-1,785,823,783,-1,783,823,824,-1,783,824,781,-1,781,824,825,-1,781,825,779,-1,779,825,826,-1,779,826,776,-1,776,826,820,-1,776,820,788,-1,788,820,808,-1,788,808,800,-1,800,808,811,-1,800,811,798,-1,798,811,813,-1,798,813,796,-1,796,813,815,-1,796,815,794,-1,794,815,817,-1,794,817,792,-1,792,817,819,-1,792,819,790,-1,790,819,806,-1,790,806,802,-1,802,806,807,-1,768,770,822,-1,822,770,827,-1,822,827,823,-1,823,827,828,-1,823,828,824,-1,824,828,829,-1,824,829,825,-1,825,829,830,-1,825,830,826,-1,826,830,831,-1,826,831,820,-1,820,831,821,-1,803,805,791,-1,791,805,804,-1,791,804,793,-1,793,804,818,-1,793,818,795,-1,795,818,816,-1,795,816,797,-1,797,816,814,-1,797,814,799,-1,799,814,812,-1,799,812,801,-1,801,812,810,-1,801,810,789,-1,789,810,809,-1,789,809,777,-1,777,809,821,-1,777,821,778,-1,778,821,831,-1,778,831,780,-1,780,831,830,-1,780,830,782,-1,782,830,829,-1,782,829,784,-1,784,829,828,-1,784,828,786,-1,786,828,827,-1,786,827,775,-1,775,827,770,-1,775,770,773,-1,773,770,771,-1,832,833,834,-1,834,833,835,-1,833,836,835,-1,835,836,837,-1,836,838,837,-1,837,838,839,-1,840,841,842,-1,840,842,843,-1,843,842,844,-1,843,844,845,-1,845,844,846,-1,845,846,847,-1,847,846,848,-1,847,848,849,-1,849,848,850,-1,849,850,851,-1,851,850,839,-1,851,839,838,-1,840,852,841,-1,841,852,853,-1,854,855,856,-1,856,855,857,-1,856,857,858,-1,858,857,859,-1,858,859,860,-1,860,859,861,-1,860,861,862,-1,862,861,863,-1,862,863,864,-1,864,863,865,-1,864,865,852,-1,852,865,853,-1,854,866,855,-1,855,866,867,-1,868,869,870,-1,870,869,871,-1,872,873,874,-1,872,874,875,-1,875,874,876,-1,875,876,877,-1,877,876,878,-1,877,878,879,-1,879,878,880,-1,879,880,881,-1,881,880,882,-1,881,882,883,-1,883,882,868,-1,883,868,870,-1,872,884,873,-1,873,884,885,-1,836,833,838,-1,838,833,832,-1,838,832,851,-1,851,832,886,-1,851,886,849,-1,849,886,887,-1,849,887,847,-1,847,887,888,-1,847,888,845,-1,845,888,889,-1,845,889,843,-1,843,889,890,-1,843,890,840,-1,840,890,884,-1,840,884,852,-1,852,884,872,-1,852,872,864,-1,864,872,875,-1,864,875,862,-1,862,875,877,-1,862,877,860,-1,860,877,879,-1,860,879,858,-1,858,879,881,-1,858,881,856,-1,856,881,883,-1,856,883,854,-1,854,883,870,-1,854,870,866,-1,866,870,871,-1,832,834,886,-1,886,834,891,-1,886,891,887,-1,887,891,892,-1,887,892,888,-1,888,892,893,-1,888,893,889,-1,889,893,894,-1,889,894,890,-1,890,894,895,-1,890,895,884,-1,884,895,885,-1,867,869,855,-1,855,869,868,-1,855,868,857,-1,857,868,882,-1,857,882,859,-1,859,882,880,-1,859,880,861,-1,861,880,878,-1,861,878,863,-1,863,878,876,-1,863,876,865,-1,865,876,874,-1,865,874,853,-1,853,874,873,-1,853,873,841,-1,841,873,885,-1,841,885,842,-1,842,885,895,-1,842,895,844,-1,844,895,894,-1,844,894,846,-1,846,894,893,-1,846,893,848,-1,848,893,892,-1,848,892,850,-1,850,892,891,-1,850,891,839,-1,839,891,834,-1,839,834,837,-1,837,834,835,-1,896,897,898,-1,898,897,899,-1,897,900,899,-1,899,900,901,-1,900,902,901,-1,901,902,903,-1,904,905,906,-1,904,906,907,-1,907,906,908,-1,907,908,909,-1,909,908,910,-1,909,910,911,-1,911,910,912,-1,911,912,913,-1,913,912,914,-1,913,914,915,-1,915,914,903,-1,915,903,902,-1,904,916,905,-1,905,916,917,-1,918,919,920,-1,920,919,921,-1,920,921,922,-1,922,921,923,-1,922,923,924,-1,924,923,925,-1,924,925,926,-1,926,925,927,-1,926,927,928,-1,928,927,929,-1,928,929,916,-1,916,929,917,-1,918,930,919,-1,919,930,931,-1,932,933,934,-1,934,933,935,-1,936,937,938,-1,936,938,939,-1,939,938,940,-1,939,940,941,-1,941,940,942,-1,941,942,943,-1,943,942,944,-1,943,944,945,-1,945,944,946,-1,945,946,947,-1,947,946,932,-1,947,932,934,-1,936,948,937,-1,937,948,949,-1,900,897,902,-1,902,897,896,-1,902,896,915,-1,915,896,950,-1,915,950,913,-1,913,950,951,-1,913,951,911,-1,911,951,952,-1,911,952,909,-1,909,952,953,-1,909,953,907,-1,907,953,954,-1,907,954,904,-1,904,954,948,-1,904,948,916,-1,916,948,936,-1,916,936,928,-1,928,936,939,-1,928,939,926,-1,926,939,941,-1,926,941,924,-1,924,941,943,-1,924,943,922,-1,922,943,945,-1,922,945,920,-1,920,945,947,-1,920,947,918,-1,918,947,934,-1,918,934,930,-1,930,934,935,-1,896,898,950,-1,950,898,955,-1,950,955,951,-1,951,955,956,-1,951,956,952,-1,952,956,957,-1,952,957,953,-1,953,957,958,-1,953,958,954,-1,954,958,959,-1,954,959,948,-1,948,959,949,-1,931,933,919,-1,919,933,932,-1,919,932,921,-1,921,932,946,-1,921,946,923,-1,923,946,944,-1,923,944,925,-1,925,944,942,-1,925,942,927,-1,927,942,940,-1,927,940,929,-1,929,940,938,-1,929,938,917,-1,917,938,937,-1,917,937,905,-1,905,937,949,-1,905,949,906,-1,906,949,959,-1,906,959,908,-1,908,959,958,-1,908,958,910,-1,910,958,957,-1,910,957,912,-1,912,957,956,-1,912,956,914,-1,914,956,955,-1,914,955,903,-1,903,955,898,-1,903,898,901,-1,901,898,899,-1,960,961,962,-1,962,961,963,-1,961,964,963,-1,963,964,965,-1,964,966,965,-1,965,966,967,-1,968,969,970,-1,968,970,971,-1,971,970,972,-1,971,972,973,-1,973,972,974,-1,973,974,975,-1,975,974,976,-1,975,976,977,-1,977,976,978,-1,977,978,979,-1,979,978,967,-1,979,967,966,-1,968,980,969,-1,969,980,981,-1,982,983,984,-1,984,983,985,-1,984,985,986,-1,986,985,987,-1,986,987,988,-1,988,987,989,-1,988,989,990,-1,990,989,991,-1,990,991,992,-1,992,991,993,-1,992,993,980,-1,980,993,981,-1,982,994,983,-1,983,994,995,-1,996,997,998,-1,998,997,999,-1,1000,1001,1002,-1,1000,1002,1003,-1,1003,1002,1004,-1,1003,1004,1005,-1,1005,1004,1006,-1,1005,1006,1007,-1,1007,1006,1008,-1,1007,1008,1009,-1,1009,1008,1010,-1,1009,1010,1011,-1,1011,1010,996,-1,1011,996,998,-1,1000,1012,1001,-1,1001,1012,1013,-1,964,961,966,-1,966,961,960,-1,966,960,979,-1,979,960,1014,-1,979,1014,977,-1,977,1014,1015,-1,977,1015,975,-1,975,1015,1016,-1,975,1016,973,-1,973,1016,1017,-1,973,1017,971,-1,971,1017,1018,-1,971,1018,968,-1,968,1018,1012,-1,968,1012,980,-1,980,1012,1000,-1,980,1000,992,-1,992,1000,1003,-1,992,1003,990,-1,990,1003,1005,-1,990,1005,988,-1,988,1005,1007,-1,988,1007,986,-1,986,1007,1009,-1,986,1009,984,-1,984,1009,1011,-1,984,1011,982,-1,982,1011,998,-1,982,998,994,-1,994,998,999,-1,960,962,1014,-1,1014,962,1019,-1,1014,1019,1015,-1,1015,1019,1020,-1,1015,1020,1016,-1,1016,1020,1021,-1,1016,1021,1017,-1,1017,1021,1022,-1,1017,1022,1018,-1,1018,1022,1023,-1,1018,1023,1012,-1,1012,1023,1013,-1,995,997,983,-1,983,997,996,-1,983,996,985,-1,985,996,1010,-1,985,1010,987,-1,987,1010,1008,-1,987,1008,989,-1,989,1008,1006,-1,989,1006,991,-1,991,1006,1004,-1,991,1004,993,-1,993,1004,1002,-1,993,1002,981,-1,981,1002,1001,-1,981,1001,969,-1,969,1001,1013,-1,969,1013,970,-1,970,1013,1023,-1,970,1023,972,-1,972,1023,1022,-1,972,1022,974,-1,974,1022,1021,-1,974,1021,976,-1,976,1021,1020,-1,976,1020,978,-1,978,1020,1019,-1,978,1019,967,-1,967,1019,962,-1,967,962,965,-1,965,962,963,-1,1024,1025,1026,-1,1026,1025,1027,-1,1025,1028,1027,-1,1027,1028,1029,-1,1028,1030,1029,-1,1029,1030,1031,-1,1032,1033,1034,-1,1032,1034,1035,-1,1035,1034,1036,-1,1035,1036,1037,-1,1037,1036,1038,-1,1037,1038,1039,-1,1039,1038,1040,-1,1039,1040,1041,-1,1041,1040,1042,-1,1041,1042,1043,-1,1043,1042,1031,-1,1043,1031,1030,-1,1032,1044,1033,-1,1033,1044,1045,-1,1046,1047,1048,-1,1048,1047,1049,-1,1048,1049,1050,-1,1050,1049,1051,-1,1050,1051,1052,-1,1052,1051,1053,-1,1052,1053,1054,-1,1054,1053,1055,-1,1054,1055,1056,-1,1056,1055,1057,-1,1056,1057,1044,-1,1044,1057,1045,-1,1046,1058,1047,-1,1047,1058,1059,-1,1060,1061,1062,-1,1062,1061,1063,-1,1064,1065,1066,-1,1064,1066,1067,-1,1067,1066,1068,-1,1067,1068,1069,-1,1069,1068,1070,-1,1069,1070,1071,-1,1071,1070,1072,-1,1071,1072,1073,-1,1073,1072,1074,-1,1073,1074,1075,-1,1075,1074,1060,-1,1075,1060,1062,-1,1064,1076,1065,-1,1065,1076,1077,-1,1028,1025,1030,-1,1030,1025,1024,-1,1030,1024,1043,-1,1043,1024,1078,-1,1043,1078,1041,-1,1041,1078,1079,-1,1041,1079,1039,-1,1039,1079,1080,-1,1039,1080,1037,-1,1037,1080,1081,-1,1037,1081,1035,-1,1035,1081,1082,-1,1035,1082,1032,-1,1032,1082,1076,-1,1032,1076,1044,-1,1044,1076,1064,-1,1044,1064,1056,-1,1056,1064,1067,-1,1056,1067,1054,-1,1054,1067,1069,-1,1054,1069,1052,-1,1052,1069,1071,-1,1052,1071,1050,-1,1050,1071,1073,-1,1050,1073,1048,-1,1048,1073,1075,-1,1048,1075,1046,-1,1046,1075,1062,-1,1046,1062,1058,-1,1058,1062,1063,-1,1024,1026,1078,-1,1078,1026,1083,-1,1078,1083,1079,-1,1079,1083,1084,-1,1079,1084,1080,-1,1080,1084,1085,-1,1080,1085,1081,-1,1081,1085,1086,-1,1081,1086,1082,-1,1082,1086,1087,-1,1082,1087,1076,-1,1076,1087,1077,-1,1059,1061,1047,-1,1047,1061,1060,-1,1047,1060,1049,-1,1049,1060,1074,-1,1049,1074,1051,-1,1051,1074,1072,-1,1051,1072,1053,-1,1053,1072,1070,-1,1053,1070,1055,-1,1055,1070,1068,-1,1055,1068,1057,-1,1057,1068,1066,-1,1057,1066,1045,-1,1045,1066,1065,-1,1045,1065,1033,-1,1033,1065,1077,-1,1033,1077,1034,-1,1034,1077,1087,-1,1034,1087,1036,-1,1036,1087,1086,-1,1036,1086,1038,-1,1038,1086,1085,-1,1038,1085,1040,-1,1040,1085,1084,-1,1040,1084,1042,-1,1042,1084,1083,-1,1042,1083,1031,-1,1031,1083,1026,-1,1031,1026,1029,-1,1029,1026,1027,-1,1088,1089,1090,-1,1090,1089,1091,-1,1089,1092,1091,-1,1091,1092,1093,-1,1092,1094,1093,-1,1093,1094,1095,-1,1096,1097,1098,-1,1096,1098,1099,-1,1099,1098,1100,-1,1099,1100,1101,-1,1101,1100,1102,-1,1101,1102,1103,-1,1103,1102,1104,-1,1103,1104,1105,-1,1105,1104,1106,-1,1105,1106,1107,-1,1107,1106,1095,-1,1107,1095,1094,-1,1096,1108,1097,-1,1097,1108,1109,-1,1110,1111,1112,-1,1112,1111,1113,-1,1112,1113,1114,-1,1114,1113,1115,-1,1114,1115,1116,-1,1116,1115,1117,-1,1116,1117,1118,-1,1118,1117,1119,-1,1118,1119,1120,-1,1120,1119,1121,-1,1120,1121,1108,-1,1108,1121,1109,-1,1110,1122,1111,-1,1111,1122,1123,-1,1124,1125,1126,-1,1126,1125,1127,-1,1128,1129,1130,-1,1128,1130,1131,-1,1131,1130,1132,-1,1131,1132,1133,-1,1133,1132,1134,-1,1133,1134,1135,-1,1135,1134,1136,-1,1135,1136,1137,-1,1137,1136,1138,-1,1137,1138,1139,-1,1139,1138,1124,-1,1139,1124,1126,-1,1128,1140,1129,-1,1129,1140,1141,-1,1092,1089,1094,-1,1094,1089,1088,-1,1094,1088,1107,-1,1107,1088,1142,-1,1107,1142,1105,-1,1105,1142,1143,-1,1105,1143,1103,-1,1103,1143,1144,-1,1103,1144,1101,-1,1101,1144,1145,-1,1101,1145,1099,-1,1099,1145,1146,-1,1099,1146,1096,-1,1096,1146,1140,-1,1096,1140,1108,-1,1108,1140,1128,-1,1108,1128,1120,-1,1120,1128,1131,-1,1120,1131,1118,-1,1118,1131,1133,-1,1118,1133,1116,-1,1116,1133,1135,-1,1116,1135,1114,-1,1114,1135,1137,-1,1114,1137,1112,-1,1112,1137,1139,-1,1112,1139,1110,-1,1110,1139,1126,-1,1110,1126,1122,-1,1122,1126,1127,-1,1088,1090,1142,-1,1142,1090,1147,-1,1142,1147,1143,-1,1143,1147,1148,-1,1143,1148,1144,-1,1144,1148,1149,-1,1144,1149,1145,-1,1145,1149,1150,-1,1145,1150,1146,-1,1146,1150,1151,-1,1146,1151,1140,-1,1140,1151,1141,-1,1123,1125,1111,-1,1111,1125,1124,-1,1111,1124,1113,-1,1113,1124,1138,-1,1113,1138,1115,-1,1115,1138,1136,-1,1115,1136,1117,-1,1117,1136,1134,-1,1117,1134,1119,-1,1119,1134,1132,-1,1119,1132,1121,-1,1121,1132,1130,-1,1121,1130,1109,-1,1109,1130,1129,-1,1109,1129,1097,-1,1097,1129,1141,-1,1097,1141,1098,-1,1098,1141,1151,-1,1098,1151,1100,-1,1100,1151,1150,-1,1100,1150,1102,-1,1102,1150,1149,-1,1102,1149,1104,-1,1104,1149,1148,-1,1104,1148,1106,-1,1106,1148,1147,-1,1106,1147,1095,-1,1095,1147,1090,-1,1095,1090,1093,-1,1093,1090,1091,-1,1152,1153,1154,-1,1154,1153,1155,-1,1153,1156,1155,-1,1155,1156,1157,-1,1156,1158,1157,-1,1157,1158,1159,-1,1160,1161,1162,-1,1160,1162,1163,-1,1163,1162,1164,-1,1163,1164,1165,-1,1165,1164,1166,-1,1165,1166,1167,-1,1167,1166,1168,-1,1167,1168,1169,-1,1169,1168,1170,-1,1169,1170,1171,-1,1171,1170,1159,-1,1171,1159,1158,-1,1160,1172,1161,-1,1161,1172,1173,-1,1174,1175,1176,-1,1176,1175,1177,-1,1176,1177,1178,-1,1178,1177,1179,-1,1178,1179,1180,-1,1180,1179,1181,-1,1180,1181,1182,-1,1182,1181,1183,-1,1182,1183,1184,-1,1184,1183,1185,-1,1184,1185,1172,-1,1172,1185,1173,-1,1174,1186,1175,-1,1175,1186,1187,-1,1188,1189,1190,-1,1190,1189,1191,-1,1192,1193,1194,-1,1192,1194,1195,-1,1195,1194,1196,-1,1195,1196,1197,-1,1197,1196,1198,-1,1197,1198,1199,-1,1199,1198,1200,-1,1199,1200,1201,-1,1201,1200,1202,-1,1201,1202,1203,-1,1203,1202,1188,-1,1203,1188,1190,-1,1192,1204,1193,-1,1193,1204,1205,-1,1156,1153,1158,-1,1158,1153,1152,-1,1158,1152,1171,-1,1171,1152,1206,-1,1171,1206,1169,-1,1169,1206,1207,-1,1169,1207,1167,-1,1167,1207,1208,-1,1167,1208,1165,-1,1165,1208,1209,-1,1165,1209,1163,-1,1163,1209,1210,-1,1163,1210,1160,-1,1160,1210,1204,-1,1160,1204,1172,-1,1172,1204,1192,-1,1172,1192,1184,-1,1184,1192,1195,-1,1184,1195,1182,-1,1182,1195,1197,-1,1182,1197,1180,-1,1180,1197,1199,-1,1180,1199,1178,-1,1178,1199,1201,-1,1178,1201,1176,-1,1176,1201,1203,-1,1176,1203,1174,-1,1174,1203,1190,-1,1174,1190,1186,-1,1186,1190,1191,-1,1152,1154,1206,-1,1206,1154,1211,-1,1206,1211,1207,-1,1207,1211,1212,-1,1207,1212,1208,-1,1208,1212,1213,-1,1208,1213,1209,-1,1209,1213,1214,-1,1209,1214,1210,-1,1210,1214,1215,-1,1210,1215,1204,-1,1204,1215,1205,-1,1187,1189,1175,-1,1175,1189,1188,-1,1175,1188,1177,-1,1177,1188,1202,-1,1177,1202,1179,-1,1179,1202,1200,-1,1179,1200,1181,-1,1181,1200,1198,-1,1181,1198,1183,-1,1183,1198,1196,-1,1183,1196,1185,-1,1185,1196,1194,-1,1185,1194,1173,-1,1173,1194,1193,-1,1173,1193,1161,-1,1161,1193,1205,-1,1161,1205,1162,-1,1162,1205,1215,-1,1162,1215,1164,-1,1164,1215,1214,-1,1164,1214,1166,-1,1166,1214,1213,-1,1166,1213,1168,-1,1168,1213,1212,-1,1168,1212,1170,-1,1170,1212,1211,-1,1170,1211,1159,-1,1159,1211,1154,-1,1159,1154,1157,-1,1157,1154,1155,-1,1216,1217,1218,-1,1218,1217,1219,-1,1217,1220,1219,-1,1219,1220,1221,-1,1220,1222,1221,-1,1221,1222,1223,-1,1224,1225,1226,-1,1224,1226,1227,-1,1227,1226,1228,-1,1227,1228,1229,-1,1229,1228,1230,-1,1229,1230,1231,-1,1231,1230,1232,-1,1231,1232,1233,-1,1233,1232,1234,-1,1233,1234,1235,-1,1235,1234,1223,-1,1235,1223,1222,-1,1224,1236,1225,-1,1225,1236,1237,-1,1238,1239,1240,-1,1240,1239,1241,-1,1240,1241,1242,-1,1242,1241,1243,-1,1242,1243,1244,-1,1244,1243,1245,-1,1244,1245,1246,-1,1246,1245,1247,-1,1246,1247,1248,-1,1248,1247,1249,-1,1248,1249,1236,-1,1236,1249,1237,-1,1238,1250,1239,-1,1239,1250,1251,-1,1252,1253,1254,-1,1254,1253,1255,-1,1256,1257,1258,-1,1256,1258,1259,-1,1259,1258,1260,-1,1259,1260,1261,-1,1261,1260,1262,-1,1261,1262,1263,-1,1263,1262,1264,-1,1263,1264,1265,-1,1265,1264,1266,-1,1265,1266,1267,-1,1267,1266,1252,-1,1267,1252,1254,-1,1256,1268,1257,-1,1257,1268,1269,-1,1220,1217,1222,-1,1222,1217,1216,-1,1222,1216,1235,-1,1235,1216,1270,-1,1235,1270,1233,-1,1233,1270,1271,-1,1233,1271,1231,-1,1231,1271,1272,-1,1231,1272,1229,-1,1229,1272,1273,-1,1229,1273,1227,-1,1227,1273,1274,-1,1227,1274,1224,-1,1224,1274,1268,-1,1224,1268,1236,-1,1236,1268,1256,-1,1236,1256,1248,-1,1248,1256,1259,-1,1248,1259,1246,-1,1246,1259,1261,-1,1246,1261,1244,-1,1244,1261,1263,-1,1244,1263,1242,-1,1242,1263,1265,-1,1242,1265,1240,-1,1240,1265,1267,-1,1240,1267,1238,-1,1238,1267,1254,-1,1238,1254,1250,-1,1250,1254,1255,-1,1216,1218,1270,-1,1270,1218,1275,-1,1270,1275,1271,-1,1271,1275,1276,-1,1271,1276,1272,-1,1272,1276,1277,-1,1272,1277,1273,-1,1273,1277,1278,-1,1273,1278,1274,-1,1274,1278,1279,-1,1274,1279,1268,-1,1268,1279,1269,-1,1251,1253,1239,-1,1239,1253,1252,-1,1239,1252,1241,-1,1241,1252,1266,-1,1241,1266,1243,-1,1243,1266,1264,-1,1243,1264,1245,-1,1245,1264,1262,-1,1245,1262,1247,-1,1247,1262,1260,-1,1247,1260,1249,-1,1249,1260,1258,-1,1249,1258,1237,-1,1237,1258,1257,-1,1237,1257,1225,-1,1225,1257,1269,-1,1225,1269,1226,-1,1226,1269,1279,-1,1226,1279,1228,-1,1228,1279,1278,-1,1228,1278,1230,-1,1230,1278,1277,-1,1230,1277,1232,-1,1232,1277,1276,-1,1232,1276,1234,-1,1234,1276,1275,-1,1234,1275,1223,-1,1223,1275,1218,-1,1223,1218,1221,-1,1221,1218,1219,-1,1280,1281,1282,-1,1282,1281,1283,-1,1281,1284,1283,-1,1283,1284,1285,-1,1284,1286,1285,-1,1285,1286,1287,-1,1288,1289,1290,-1,1288,1290,1291,-1,1291,1290,1292,-1,1291,1292,1293,-1,1293,1292,1294,-1,1293,1294,1295,-1,1295,1294,1296,-1,1295,1296,1297,-1,1297,1296,1298,-1,1297,1298,1299,-1,1299,1298,1287,-1,1299,1287,1286,-1,1288,1300,1289,-1,1289,1300,1301,-1,1302,1303,1304,-1,1304,1303,1305,-1,1304,1305,1306,-1,1306,1305,1307,-1,1306,1307,1308,-1,1308,1307,1309,-1,1308,1309,1310,-1,1310,1309,1311,-1,1310,1311,1312,-1,1312,1311,1313,-1,1312,1313,1300,-1,1300,1313,1301,-1,1302,1314,1303,-1,1303,1314,1315,-1,1316,1317,1318,-1,1318,1317,1319,-1,1320,1321,1322,-1,1320,1322,1323,-1,1323,1322,1324,-1,1323,1324,1325,-1,1325,1324,1326,-1,1325,1326,1327,-1,1327,1326,1328,-1,1327,1328,1329,-1,1329,1328,1330,-1,1329,1330,1331,-1,1331,1330,1316,-1,1331,1316,1318,-1,1320,1332,1321,-1,1321,1332,1333,-1,1284,1281,1286,-1,1286,1281,1280,-1,1286,1280,1299,-1,1299,1280,1334,-1,1299,1334,1297,-1,1297,1334,1335,-1,1297,1335,1295,-1,1295,1335,1336,-1,1295,1336,1293,-1,1293,1336,1337,-1,1293,1337,1291,-1,1291,1337,1338,-1,1291,1338,1288,-1,1288,1338,1332,-1,1288,1332,1300,-1,1300,1332,1320,-1,1300,1320,1312,-1,1312,1320,1323,-1,1312,1323,1310,-1,1310,1323,1325,-1,1310,1325,1308,-1,1308,1325,1327,-1,1308,1327,1306,-1,1306,1327,1329,-1,1306,1329,1304,-1,1304,1329,1331,-1,1304,1331,1302,-1,1302,1331,1318,-1,1302,1318,1314,-1,1314,1318,1319,-1,1280,1282,1334,-1,1334,1282,1339,-1,1334,1339,1335,-1,1335,1339,1340,-1,1335,1340,1336,-1,1336,1340,1341,-1,1336,1341,1337,-1,1337,1341,1342,-1,1337,1342,1338,-1,1338,1342,1343,-1,1338,1343,1332,-1,1332,1343,1333,-1,1315,1317,1303,-1,1303,1317,1316,-1,1303,1316,1305,-1,1305,1316,1330,-1,1305,1330,1307,-1,1307,1330,1328,-1,1307,1328,1309,-1,1309,1328,1326,-1,1309,1326,1311,-1,1311,1326,1324,-1,1311,1324,1313,-1,1313,1324,1322,-1,1313,1322,1301,-1,1301,1322,1321,-1,1301,1321,1289,-1,1289,1321,1333,-1,1289,1333,1290,-1,1290,1333,1343,-1,1290,1343,1292,-1,1292,1343,1342,-1,1292,1342,1294,-1,1294,1342,1341,-1,1294,1341,1296,-1,1296,1341,1340,-1,1296,1340,1298,-1,1298,1340,1339,-1,1298,1339,1287,-1,1287,1339,1282,-1,1287,1282,1285,-1,1285,1282,1283,-1,1344,1345,1346,-1,1346,1345,1347,-1,1345,1348,1347,-1,1347,1348,1349,-1,1348,1350,1349,-1,1349,1350,1351,-1,1352,1353,1354,-1,1352,1354,1355,-1,1355,1354,1356,-1,1355,1356,1357,-1,1357,1356,1358,-1,1357,1358,1359,-1,1359,1358,1360,-1,1359,1360,1361,-1,1361,1360,1362,-1,1361,1362,1363,-1,1363,1362,1351,-1,1363,1351,1350,-1,1352,1364,1353,-1,1353,1364,1365,-1,1366,1367,1368,-1,1368,1367,1369,-1,1368,1369,1370,-1,1370,1369,1371,-1,1370,1371,1372,-1,1372,1371,1373,-1,1372,1373,1374,-1,1374,1373,1375,-1,1374,1375,1376,-1,1376,1375,1377,-1,1376,1377,1364,-1,1364,1377,1365,-1,1366,1378,1367,-1,1367,1378,1379,-1,1380,1381,1382,-1,1382,1381,1383,-1,1384,1385,1386,-1,1384,1386,1387,-1,1387,1386,1388,-1,1387,1388,1389,-1,1389,1388,1390,-1,1389,1390,1391,-1,1391,1390,1392,-1,1391,1392,1393,-1,1393,1392,1394,-1,1393,1394,1395,-1,1395,1394,1380,-1,1395,1380,1382,-1,1384,1396,1385,-1,1385,1396,1397,-1,1348,1345,1350,-1,1350,1345,1344,-1,1350,1344,1363,-1,1363,1344,1398,-1,1363,1398,1361,-1,1361,1398,1399,-1,1361,1399,1359,-1,1359,1399,1400,-1,1359,1400,1357,-1,1357,1400,1401,-1,1357,1401,1355,-1,1355,1401,1402,-1,1355,1402,1352,-1,1352,1402,1396,-1,1352,1396,1364,-1,1364,1396,1384,-1,1364,1384,1376,-1,1376,1384,1387,-1,1376,1387,1374,-1,1374,1387,1389,-1,1374,1389,1372,-1,1372,1389,1391,-1,1372,1391,1370,-1,1370,1391,1393,-1,1370,1393,1368,-1,1368,1393,1395,-1,1368,1395,1366,-1,1366,1395,1382,-1,1366,1382,1378,-1,1378,1382,1383,-1,1344,1346,1398,-1,1398,1346,1403,-1,1398,1403,1399,-1,1399,1403,1404,-1,1399,1404,1400,-1,1400,1404,1405,-1,1400,1405,1401,-1,1401,1405,1406,-1,1401,1406,1402,-1,1402,1406,1407,-1,1402,1407,1396,-1,1396,1407,1397,-1,1379,1381,1367,-1,1367,1381,1380,-1,1367,1380,1369,-1,1369,1380,1394,-1,1369,1394,1371,-1,1371,1394,1392,-1,1371,1392,1373,-1,1373,1392,1390,-1,1373,1390,1375,-1,1375,1390,1388,-1,1375,1388,1377,-1,1377,1388,1386,-1,1377,1386,1365,-1,1365,1386,1385,-1,1365,1385,1353,-1,1353,1385,1397,-1,1353,1397,1354,-1,1354,1397,1407,-1,1354,1407,1356,-1,1356,1407,1406,-1,1356,1406,1358,-1,1358,1406,1405,-1,1358,1405,1360,-1,1360,1405,1404,-1,1360,1404,1362,-1,1362,1404,1403,-1,1362,1403,1351,-1,1351,1403,1346,-1,1351,1346,1349,-1,1349,1346,1347,-1,1408,1409,1410,-1,1410,1409,1411,-1,1409,1412,1411,-1,1411,1412,1413,-1,1412,1414,1413,-1,1413,1414,1415,-1,1416,1417,1418,-1,1416,1418,1419,-1,1419,1418,1420,-1,1419,1420,1421,-1,1421,1420,1422,-1,1421,1422,1423,-1,1423,1422,1424,-1,1423,1424,1425,-1,1425,1424,1426,-1,1425,1426,1427,-1,1427,1426,1415,-1,1427,1415,1414,-1,1416,1428,1417,-1,1417,1428,1429,-1,1430,1431,1432,-1,1432,1431,1433,-1,1432,1433,1434,-1,1434,1433,1435,-1,1434,1435,1436,-1,1436,1435,1437,-1,1436,1437,1438,-1,1438,1437,1439,-1,1438,1439,1440,-1,1440,1439,1441,-1,1440,1441,1428,-1,1428,1441,1429,-1,1430,1442,1431,-1,1431,1442,1443,-1,1444,1445,1446,-1,1446,1445,1447,-1,1448,1449,1450,-1,1448,1450,1451,-1,1451,1450,1452,-1,1451,1452,1453,-1,1453,1452,1454,-1,1453,1454,1455,-1,1455,1454,1456,-1,1455,1456,1457,-1,1457,1456,1458,-1,1457,1458,1459,-1,1459,1458,1444,-1,1459,1444,1446,-1,1448,1460,1449,-1,1449,1460,1461,-1,1412,1409,1414,-1,1414,1409,1408,-1,1414,1408,1427,-1,1427,1408,1462,-1,1427,1462,1425,-1,1425,1462,1463,-1,1425,1463,1423,-1,1423,1463,1464,-1,1423,1464,1421,-1,1421,1464,1465,-1,1421,1465,1419,-1,1419,1465,1466,-1,1419,1466,1416,-1,1416,1466,1460,-1,1416,1460,1428,-1,1428,1460,1448,-1,1428,1448,1440,-1,1440,1448,1451,-1,1440,1451,1438,-1,1438,1451,1453,-1,1438,1453,1436,-1,1436,1453,1455,-1,1436,1455,1434,-1,1434,1455,1457,-1,1434,1457,1432,-1,1432,1457,1459,-1,1432,1459,1430,-1,1430,1459,1446,-1,1430,1446,1442,-1,1442,1446,1447,-1,1408,1410,1462,-1,1462,1410,1467,-1,1462,1467,1463,-1,1463,1467,1468,-1,1463,1468,1464,-1,1464,1468,1469,-1,1464,1469,1465,-1,1465,1469,1470,-1,1465,1470,1466,-1,1466,1470,1471,-1,1466,1471,1460,-1,1460,1471,1461,-1,1443,1445,1431,-1,1431,1445,1444,-1,1431,1444,1433,-1,1433,1444,1458,-1,1433,1458,1435,-1,1435,1458,1456,-1,1435,1456,1437,-1,1437,1456,1454,-1,1437,1454,1439,-1,1439,1454,1452,-1,1439,1452,1441,-1,1441,1452,1450,-1,1441,1450,1429,-1,1429,1450,1449,-1,1429,1449,1417,-1,1417,1449,1461,-1,1417,1461,1418,-1,1418,1461,1471,-1,1418,1471,1420,-1,1420,1471,1470,-1,1420,1470,1422,-1,1422,1470,1469,-1,1422,1469,1424,-1,1424,1469,1468,-1,1424,1468,1426,-1,1426,1468,1467,-1,1426,1467,1415,-1,1415,1467,1410,-1,1415,1410,1413,-1,1413,1410,1411,-1,1472,1473,1474,-1,1474,1473,1475,-1,1473,1476,1475,-1,1475,1476,1477,-1,1476,1478,1477,-1,1477,1478,1479,-1,1480,1481,1482,-1,1480,1482,1483,-1,1483,1482,1484,-1,1483,1484,1485,-1,1485,1484,1486,-1,1485,1486,1487,-1,1487,1486,1488,-1,1487,1488,1489,-1,1489,1488,1490,-1,1489,1490,1491,-1,1491,1490,1479,-1,1491,1479,1478,-1,1480,1492,1481,-1,1481,1492,1493,-1,1494,1495,1496,-1,1496,1495,1497,-1,1496,1497,1498,-1,1498,1497,1499,-1,1498,1499,1500,-1,1500,1499,1501,-1,1500,1501,1502,-1,1502,1501,1503,-1,1502,1503,1504,-1,1504,1503,1505,-1,1504,1505,1492,-1,1492,1505,1493,-1,1494,1506,1495,-1,1495,1506,1507,-1,1508,1509,1510,-1,1510,1509,1511,-1,1512,1513,1514,-1,1512,1514,1515,-1,1515,1514,1516,-1,1515,1516,1517,-1,1517,1516,1518,-1,1517,1518,1519,-1,1519,1518,1520,-1,1519,1520,1521,-1,1521,1520,1522,-1,1521,1522,1523,-1,1523,1522,1508,-1,1523,1508,1510,-1,1512,1524,1513,-1,1513,1524,1525,-1,1476,1473,1478,-1,1478,1473,1472,-1,1478,1472,1491,-1,1491,1472,1526,-1,1491,1526,1489,-1,1489,1526,1527,-1,1489,1527,1487,-1,1487,1527,1528,-1,1487,1528,1485,-1,1485,1528,1529,-1,1485,1529,1483,-1,1483,1529,1530,-1,1483,1530,1480,-1,1480,1530,1524,-1,1480,1524,1492,-1,1492,1524,1512,-1,1492,1512,1504,-1,1504,1512,1515,-1,1504,1515,1502,-1,1502,1515,1517,-1,1502,1517,1500,-1,1500,1517,1519,-1,1500,1519,1498,-1,1498,1519,1521,-1,1498,1521,1496,-1,1496,1521,1523,-1,1496,1523,1494,-1,1494,1523,1510,-1,1494,1510,1506,-1,1506,1510,1511,-1,1472,1474,1526,-1,1526,1474,1531,-1,1526,1531,1527,-1,1527,1531,1532,-1,1527,1532,1528,-1,1528,1532,1533,-1,1528,1533,1529,-1,1529,1533,1534,-1,1529,1534,1530,-1,1530,1534,1535,-1,1530,1535,1524,-1,1524,1535,1525,-1,1507,1509,1495,-1,1495,1509,1508,-1,1495,1508,1497,-1,1497,1508,1522,-1,1497,1522,1499,-1,1499,1522,1520,-1,1499,1520,1501,-1,1501,1520,1518,-1,1501,1518,1503,-1,1503,1518,1516,-1,1503,1516,1505,-1,1505,1516,1514,-1,1505,1514,1493,-1,1493,1514,1513,-1,1493,1513,1481,-1,1481,1513,1525,-1,1481,1525,1482,-1,1482,1525,1535,-1,1482,1535,1484,-1,1484,1535,1534,-1,1484,1534,1486,-1,1486,1534,1533,-1,1486,1533,1488,-1,1488,1533,1532,-1,1488,1532,1490,-1,1490,1532,1531,-1,1490,1531,1479,-1,1479,1531,1474,-1,1479,1474,1477,-1,1477,1474,1475,-1,
        ]
    }
}
Shape{
    appearance Appearance {
        material  Material {
            diffuseColor 0.0 0.0 0.0
            specularColor 0.0 0.0 0.0
            ambientIntensity 0.0
            transparency 0.0
            shininess 0.5
        }
    }
    geometry IndexedFaceSet {
        ccw TRUE
        solid FALSE
        coord DEF co Coordinate {
            point [
                -0.3792 0.0903 0.0791, -0.456 -0.1065 0.0791, -0.3792 0.0903 0.0787, -0.456 -0.1065 0.0787, -0.4272 -0.1065 0.0791, -0.4272 -0.1065 0.0787, -0.4073 -0.0513 0.0791, -0.4073 -0.0513 0.0787, -0.326 -0.0513 0.0791, -0.326 -0.0513 0.0787, -0.3072 -0.1065 0.0791, -0.3072 -0.1065 0.0787, -0.2784 -0.1065 0.0791, -0.2784 -0.1065 0.0787, -0.3528 0.0903 0.0791, -0.3528 0.0903 0.0787, -0.3326 -0.0297 0.0791, -0.3984 -0.0297 0.0791, -0.362 0.0525 0.0791, -0.3639 0.0593 0.0791, -0.3651 0.0663 0.0791, -0.3658 0.0663 0.0791, -0.367 0.0593 0.0791, -0.3688 0.0525 0.0791, -0.3326 -0.0297 0.0787, -0.3984 -0.0297 0.0787, -0.362 0.0525 0.0787, -0.3639 0.0593 0.0787, -0.3651 0.0663 0.0787, -0.3658 0.0663 0.0787, -0.367 0.0593 0.0787, -0.3688 0.0525 0.0787, -0.159 -0.1065 0.0791, -0.1055 -0.1065 0.0791, -0.159 -0.1065 0.0787, -0.1055 -0.1065 0.0787, -0.1055 0.0903 0.0791, -0.1055 0.0903 0.0787, -0.1611 0.0903 0.0791, -0.1611 0.0903 0.0787, -0.264 -0.0056 0.0791, -0.264 -0.0056 0.0787, -0.2625 0.0129 0.0787, -0.2625 0.0129 0.0791, -0.2572 0.0323 0.0787, -0.2572 0.0323 0.0791, -0.2481 0.0492 0.0787, -0.2481 0.0492 0.0791, -0.2342 0.0646 0.0787, -0.2342 0.0646 0.0791, -0.234 0.0648 0.0787, -0.234 0.0648 0.0791, -0.2125 0.0792 0.0787, -0.2125 0.0792 0.0791, -0.1895 0.0873 0.0787, -0.1895 0.0873 0.0791, -0.1834 -0.1044 0.0787, -0.1834 -0.1044 0.0791, -0.2061 -0.0977 0.0787, -0.2061 -0.0977 0.0791, -0.2266 -0.0857 0.0787, -0.2266 -0.0857 0.0791, -0.2428 -0.0702 0.0787, -0.2428 -0.0702 0.0791, -0.2541 -0.0526 0.0787, -0.2541 -0.0526 0.0791, -0.2612 -0.032 0.0787, -0.2612 -0.032 0.0791, -0.2244 0.0411 0.0791, -0.2149 0.0512 0.0791, -0.2005 0.0605 0.0791, -0.1843 0.0662 0.0791, -0.161 0.0687 0.0791, -0.1319 0.0687 0.0791, -0.1319 -0.0849 0.0791, -0.1599 -0.0849 0.0791, -0.1806 -0.083 0.0791, -0.1972 -0.0778 0.0791, -0.2106 -0.0699 0.0791, -0.2217 -0.059 0.0791, -0.23 -0.0454 0.0791, -0.2357 -0.0269 0.0791, -0.2375 -0.0062 0.0791, -0.2359 0.0134 0.0791, -0.2313 0.029 0.0791, -0.161 0.0687 0.0787, -0.1319 0.0687 0.0787, -0.1843 0.0662 0.0787, -0.2005 0.0605 0.0787, -0.2149 0.0512 0.0787, -0.2244 0.0411 0.0787, -0.2313 0.029 0.0787, -0.2359 0.0134 0.0787, -0.2375 -0.0062 0.0787, -0.2357 -0.0269 0.0787, -0.23 -0.0454 0.0787, -0.2217 -0.059 0.0787, -0.2106 -0.0699 0.0787, -0.1972 -0.0778 0.0787, -0.1806 -0.083 0.0787, -0.1599 -0.0849 0.0787, -0.1319 -0.0849 0.0787, -0.0671 -0.0849 0.0791, -0.0671 -0.1065 0.0791, -0.0671 -0.0849 0.0787, -0.0671 -0.1065 0.0787, 0.0385 -0.1065 0.0791, 0.0385 -0.1065 0.0787, 0.0385 0.0903 0.0791, 0.0385 0.0903 0.0787, -0.0623 0.0903 0.0791, -0.0623 0.0903 0.0787, -0.0623 0.0687 0.0791, -0.0623 0.0687 0.0787, 0.0121 0.0687 0.0791, 0.0121 0.0687 0.0787, 0.0121 0.0039 0.0791, 0.0121 0.0039 0.0787, -0.0575 0.0039 0.0791, -0.0575 0.0039 0.0787, -0.0575 -0.0177 0.0791, -0.0575 -0.0177 0.0787, 0.0121 -0.0177 0.0791, 0.0121 -0.0177 0.0787, 0.0121 -0.0849 0.0791, 0.0121 -0.0849 0.0787, 0.0769 -0.0747 0.0791, 0.0769 -0.0963 0.0791, 0.0769 -0.0747 0.0787, 0.0769 -0.0963 0.0787, 0.0979 -0.105 0.0791, 0.1311 -0.1089 0.0791, 0.1311 -0.1089 0.0787, 0.1257 -0.1089 0.0787, 0.1257 -0.1089 0.0791, 0.1178 -0.1077 0.0787, 0.0979 -0.105 0.0787, 0.1427 -0.1077 0.0787, 0.1554 -0.1064 0.0791, 0.1554 -0.1064 0.0787, 0.1744 -0.0999 0.0791, 0.1744 -0.0999 0.0787, 0.1903 -0.0898 0.0791, 0.1903 -0.0898 0.0787, 0.2051 -0.0742 0.0791, 0.2051 -0.0742 0.0787, 0.2155 -0.0555 0.0791, 0.2155 -0.0555 0.0787, 0.2215 -0.0346 0.0791, 0.2215 -0.0346 0.0787, 0.2234 -0.0118 0.0791, 0.2234 -0.0118 0.0787, 0.1233 0.0927 0.0791, 0.1233 0.0927 0.0787, 0.143 0.0911 0.0787, 0.143 0.0911 0.0791, 0.165 0.0847 0.0787, 0.165 0.0847 0.0791, 0.1837 0.074 0.0787, 0.1837 0.074 0.0791, 0.2014 0.0569 0.0787, 0.2014 0.0569 0.0791, 0.213 0.0385 0.0787, 0.213 0.0385 0.0791, 0.2205 0.0162 0.0787, 0.2205 0.0162 0.0791, 0.0769 0.0849 0.0791, 0.0769 0.0849 0.0787, 0.0997 0.0911 0.0787, 0.0997 0.0911 0.0791, 0.0769 0.0585 0.0791, 0.0769 0.0585 0.0787, 0.123 0.0711 0.0791, 0.123 0.0711 0.0787, 0.0991 0.068 0.0787, 0.0991 0.068 0.0791, 0.197 -0.0102 0.0791, 0.197 -0.0102 0.0787, 0.196 0.0051 0.0787, 0.196 0.0051 0.0791, 0.1908 0.0262 0.0787, 0.1908 0.0262 0.0791, 0.1827 0.0414 0.0787, 0.1827 0.0414 0.0791, 0.1708 0.0545 0.0787, 0.1708 0.0545 0.0791, 0.1571 0.0636 0.0787, 0.1571 0.0636 0.0791, 0.1424 0.0689 0.0787, 0.1424 0.0689 0.0791, 0.1275 -0.0873 0.0791, 0.1275 -0.0873 0.0787, 0.1458 -0.0853 0.0787, 0.1458 -0.0853 0.0791, 0.1602 -0.08 0.0787, 0.1602 -0.08 0.0791, 0.1722 -0.0719 0.0787, 0.1722 -0.0719 0.0791, 0.1815 -0.0621 0.0787, 0.1815 -0.0621 0.0791, 0.1896 -0.0485 0.0787, 0.1896 -0.0485 0.0791, 0.195 -0.0315 0.0787, 0.195 -0.0315 0.0791, 0.0805 -0.0767 0.0787, 0.0805 -0.0767 0.0791, 0.1013 -0.0844 0.0787, 0.1013 -0.0844 0.0791, 0.2402 -0.0849 0.0791, 0.2402 -0.1065 0.0791, 0.2402 -0.0849 0.0787, 0.2402 -0.1065 0.0787, 0.341 -0.1065 0.0791, 0.341 -0.1065 0.0787, 0.341 0.0903 0.0791, 0.341 0.0903 0.0787, 0.3146 0.0903 0.0791, 0.3146 0.0903 0.0787, 0.3146 -0.0849 0.0791, 0.3146 -0.0849 0.0787
            ]
        }
        coordIndex [
            0,1,2,-1,2,1,3,-1,1,4,3,-1,3,4,5,-1,4,6,5,-1,5,6,7,-1,6,8,7,-1,7,8,9,-1,8,10,9,-1,9,10,11,-1,10,12,11,-1,11,12,13,-1,12,14,13,-1,13,14,15,-1,14,0,15,-1,15,0,2,-1,16,8,17,-1,17,8,6,-1,18,14,16,-1,16,14,12,-1,16,12,8,-1,8,12,10,-1,18,19,14,-1,14,19,20,-1,14,20,0,-1,0,20,21,-1,0,21,22,-1,22,23,0,-1,0,23,17,-1,0,17,1,-1,1,17,6,-1,1,6,4,-1,16,17,24,-1,24,17,25,-1,18,16,26,-1,26,16,24,-1,18,26,27,-1,18,27,19,-1,19,27,28,-1,19,28,20,-1,21,20,29,-1,29,20,28,-1,21,29,30,-1,21,30,22,-1,22,30,31,-1,22,31,23,-1,17,23,25,-1,25,23,31,-1,32,33,34,-1,34,33,35,-1,33,36,35,-1,35,36,37,-1,36,38,37,-1,37,38,39,-1,40,41,42,-1,40,42,43,-1,43,42,44,-1,43,44,45,-1,45,44,46,-1,45,46,47,-1,47,46,48,-1,47,48,49,-1,49,48,50,-1,49,50,51,-1,51,50,52,-1,51,52,53,-1,53,52,54,-1,53,54,55,-1,55,54,39,-1,55,39,38,-1,32,34,56,-1,32,56,57,-1,57,56,58,-1,57,58,59,-1,59,58,60,-1,59,60,61,-1,61,60,62,-1,61,62,63,-1,63,62,64,-1,63,64,65,-1,65,64,66,-1,65,66,67,-1,67,66,41,-1,67,41,40,-1,45,47,68,-1,68,47,49,-1,68,49,69,-1,69,49,51,-1,69,51,70,-1,70,51,53,-1,70,53,71,-1,71,53,55,-1,71,55,72,-1,72,55,38,-1,72,38,73,-1,73,38,36,-1,73,36,74,-1,74,36,33,-1,74,33,75,-1,75,33,32,-1,75,32,76,-1,76,32,57,-1,76,57,77,-1,77,57,59,-1,77,59,78,-1,78,59,61,-1,78,61,79,-1,79,61,63,-1,79,63,80,-1,80,63,65,-1,80,65,81,-1,81,65,67,-1,81,67,82,-1,82,67,40,-1,82,40,83,-1,83,40,43,-1,83,43,84,-1,84,43,45,-1,84,45,68,-1,72,73,85,-1,85,73,86,-1,72,85,87,-1,72,87,71,-1,71,87,88,-1,71,88,70,-1,70,88,89,-1,70,89,69,-1,69,89,90,-1,69,90,68,-1,68,90,91,-1,68,91,84,-1,84,91,92,-1,84,92,83,-1,83,92,93,-1,83,93,82,-1,82,93,94,-1,82,94,81,-1,81,94,95,-1,81,95,80,-1,80,95,96,-1,80,96,79,-1,79,96,97,-1,79,97,78,-1,78,97,98,-1,78,98,77,-1,77,98,99,-1,77,99,76,-1,76,99,100,-1,76,100,75,-1,74,75,101,-1,101,75,100,-1,73,74,86,-1,86,74,101,-1,102,103,104,-1,104,103,105,-1,103,106,105,-1,105,106,107,-1,106,108,107,-1,107,108,109,-1,108,110,109,-1,109,110,111,-1,110,112,111,-1,111,112,113,-1,112,114,113,-1,113,114,115,-1,114,116,115,-1,115,116,117,-1,116,118,117,-1,117,118,119,-1,118,120,119,-1,119,120,121,-1,120,122,121,-1,121,122,123,-1,122,124,123,-1,123,124,125,-1,124,102,125,-1,125,102,104,-1,106,103,102,-1,102,124,106,-1,106,124,122,-1,106,122,108,-1,112,110,114,-1,114,110,108,-1,114,108,116,-1,116,108,122,-1,116,122,118,-1,118,122,120,-1,126,127,128,-1,128,127,129,-1,129,127,130,-1,131,132,133,-1,131,133,134,-1,134,133,135,-1,134,135,130,-1,130,135,136,-1,130,136,129,-1,132,131,137,-1,137,131,138,-1,137,138,139,-1,139,138,140,-1,139,140,141,-1,141,140,142,-1,141,142,143,-1,143,142,144,-1,143,144,145,-1,145,144,146,-1,145,146,147,-1,147,146,148,-1,147,148,149,-1,149,148,150,-1,149,150,151,-1,152,153,154,-1,152,154,155,-1,155,154,156,-1,155,156,157,-1,157,156,158,-1,157,158,159,-1,159,158,160,-1,159,160,161,-1,161,160,162,-1,161,162,163,-1,163,162,164,-1,163,164,165,-1,165,164,151,-1,165,151,150,-1,166,167,168,-1,166,168,169,-1,169,168,153,-1,169,153,152,-1,166,170,167,-1,167,170,171,-1,172,173,174,-1,172,174,175,-1,175,174,171,-1,175,171,170,-1,176,177,178,-1,176,178,179,-1,179,178,180,-1,179,180,181,-1,181,180,182,-1,181,182,183,-1,183,182,184,-1,183,184,185,-1,185,184,186,-1,185,186,187,-1,187,186,188,-1,187,188,189,-1,189,188,173,-1,189,173,172,-1,190,191,192,-1,190,192,193,-1,193,192,194,-1,193,194,195,-1,195,194,196,-1,195,196,197,-1,197,196,198,-1,197,198,199,-1,199,198,200,-1,199,200,201,-1,201,200,202,-1,201,202,203,-1,203,202,177,-1,203,177,176,-1,126,128,204,-1,126,204,205,-1,205,204,206,-1,205,206,207,-1,207,206,191,-1,207,191,190,-1,193,131,190,-1,190,131,134,-1,190,134,207,-1,207,134,130,-1,207,130,205,-1,205,130,127,-1,205,127,126,-1,170,166,175,-1,175,166,169,-1,175,169,172,-1,172,169,152,-1,172,152,189,-1,189,152,155,-1,189,155,187,-1,187,155,157,-1,187,157,185,-1,185,157,159,-1,185,159,183,-1,183,159,161,-1,183,161,181,-1,181,161,163,-1,181,163,179,-1,179,163,165,-1,179,165,176,-1,176,165,150,-1,176,150,203,-1,203,150,148,-1,203,148,201,-1,201,148,146,-1,201,146,199,-1,199,146,144,-1,199,144,197,-1,197,144,142,-1,197,142,195,-1,195,142,140,-1,195,140,193,-1,193,140,138,-1,193,138,131,-1,208,209,210,-1,210,209,211,-1,209,212,211,-1,211,212,213,-1,212,214,213,-1,213,214,215,-1,214,216,215,-1,215,216,217,-1,216,218,217,-1,217,218,219,-1,218,208,219,-1,219,208,210,-1,216,214,218,-1,218,214,212,-1,218,212,208,-1,208,212,209,-1,
        ]
    }
}
Shape{
    appearance Appearance {
        material  Material {
            diffuseColor 0.25098039215686274 0.25098039215686274 0.25098039215686274
            specularColor 0.12549019607843137 0.12549019607843137 0.12549019607843137
            ambientIntensity 0.251
            transparency 0.0
            shininess 0.5
        }
    }
    geometry IndexedFaceSet {
        ccw TRUE
        solid FALSE
        coord DEF co Coordinate {
            point [
                -0.3326 -0.0297 0.0787, -0.3984 -0.0297 0.0787, -0.362 0.0525 0.0787, -0.3688 0.0525 0.0787, -0.3639 0.0593 0.0787, -0.367 0.0593 0.0787, -0.3651 0.0663 0.0787, -0.3658 0.0663 0.0787, -0.1319 0.0687 0.0787, -0.1319 -0.0849 0.0787, -0.161 0.0687 0.0787, -0.1599 -0.0849 0.0787, -0.1806 -0.083 0.0787, -0.2375 -0.0062 0.0787, -0.2359 0.0134 0.0787, -0.2313 0.029 0.0787, -0.1843 0.0662 0.0787, -0.1972 -0.0778 0.0787, -0.2106 -0.0699 0.0787, -0.2217 -0.059 0.0787, -0.23 -0.0454 0.0787, -0.2357 -0.0269 0.0787, -0.2244 0.0411 0.0787, -0.2149 0.0512 0.0787, -0.2005 0.0605 0.0787
            ]
        }
        coordIndex [
            0,1,2,-1,2,1,3,-1,2,3,4,-1,4,3,5,-1,4,5,6,-1,6,5,7,-1,8,9,10,-1,10,9,11,-1,10,11,12,-1,13,14,10,-1,10,14,15,-1,10,15,16,-1,12,17,10,-1,10,17,18,-1,10,18,19,-1,19,20,10,-1,10,20,21,-1,10,21,13,-1,22,23,15,-1,15,23,24,-1,15,24,16,-1,
        ]
    }
}